site,site_long,pi,lat_icos,lon_icos,Utc Offset,classid_icos,Projects,Fluxes,Mean Annual Temperature,Mean Annual Precpitation,Slope,Exposure,Prevailing Wind Direction,Mean Water Table Depth,Days with snow cover,,
AE-ADb,Abu Dhabi Eastern Mangroves,Annalisa Molini,24.450883,54.428792,,WET,,CO2-E|H-E|LE-E,27.7,75,Flat,FLAT,NNW,0,0,,
AT-Fue,Fuegen,Georg Wohlfahrt,47.367374,11.854709,1,GRA,,CO2-E|H-E|LE-E,,,,,,-9999,,,
AT-Hnb,Höllengebirge,Bradley Matthews,47.803333,13.591389,,BSV,,CO2-E|H-E|LE-E,,,,,,-9999,,,
AT-Inn,Innsbruck,Thomas Karl,47.264096,11.385816,1,URB,FWF P30600,BVOCs-E|CH4-E|CO2-E|H-E|LE-E|O3-E,9.3,882,Valley,E,E,-9999,,,
AT-Lan,Laengenfeld,Georg Wohlfahrt,47.061221,10.963454,,GRA,,CO2-E|H-E|LE-E,,,,,,-9999,,,
AT-Leu,Leutasch,Georg Wohlfahrt,47.378036,11.16278,,GRA,,CO2-E|H-E|LE-E,,,,,,-9999,,,
AT-Mmg,Mieming,Georg Wohlfahrt,47.316564,10.970089,,ENF,,CO2-E|H-E|LE-E,8,753,"Medium Slope (>2 %, <5%)",S,SSE,-9999,,,
AT-Neu,Neustift,Georg Wohlfahrt,47.1166687,11.31750011,1,GRA,CarboMont (EU-FP5)|CarboExtreme (EU-FP7)|GHG-Europe (EU-FP7),BVOCs-E|CH4-E|CO2-E|H-E|LE-E|N2O-E|O3-E,6.5,852,Valley,Flat,,-9999,100,,
AT-Rtz,Rotholz,Georg Wohlfahrt,47.39472222,11.80472222,1,GRA,,CO2-E|H-E|LE-E,8.2,1151,Flat,0,,-9999,30,,
AT-Sch,Scharnitz,Georg Wohlfahrt,47.387291,11.247935,,GRA,,CO2|H-E|LE-E,,,,,,-9999,,,
AT-StA,Stubai Abandoned,Michael Bahn,47.12528,11.28944,,GRA,,CH4-C|CO2-C|N2O-C,3,1097,Strong Slope (>10%),SSE,S,-9999,146,,
AT-StM,Stubai Meadow,Michael Bahn,47.12889,11.30583,,GRA,,CH4-C|CO2-C|Isotopes-C|N2O-C,3,1097,Strong Slope (>10%),ESE,S,-9999,128,,
AT-StP,Stubai Pasture,Michael Bahn,47.13694,11.30361,,GRA,,CH4-C|CO2-C|N2O-C,3,1097,Strong Slope (>10%),SSE,SSW,-9999,124,,
AT-VnA,Vienna Arsenal,Bradley Matthews,48.18183766,16.39085089,1,URB,CarboWien, StadtWien MA759674417|VUCL, WWTF, 10.47379/ESR20030|A1 Telekom Austria,CH4-E|CO2-E|H-E|Isotopes|LE-E,NULL,,NULL,NULL,NULL,-9999
BE-Bra,Brasschaat,Ivan Janssens| EFDC Staff,51.30761,4.51984,1,MF,EuroFlux (EU-FP4)|CarboEuroFlux (EU-FP5)|CarboEuropeIP (EU-FP6)|CarboExtreme (EU-FP7),,9.8,750,,,SW,-9999,,,
BE-Dor,Dorinne,Bernard Heinesch,50.311876,4.968113,1,GRA,,CH4|CO2-E|H-E|LE-E|N2O,,,,,,-9999,,,
BE-Jal,La Robinette (Jalhay),Monique Carnol,50.56388889,6.073333333,1,MF,CarboEuropeIP (EU-FP6),,6,1200,"Medium Slope (>2 %, <5%)",320°,SO-NE,-9999,,,
BE-Lcr,Lochristi,Tim De Meulder,51.11218,3.85043,1,DBF,ICOS|University of Antwerp|PLECO,BVOCs|CH4-E/C|CO2-E/C|H-E/C|LE-E/C|N2O-E/C,10.8,872.7,,,,-9999,,,
BE-Lon,Lonzee,Bernard Heinesch| EFDC Staff,50.5516198,4.7462339,1,CRO,CarboEuropeIP (EU-FP6)|IMECC (EU-FP6),BVOCs-E|CO2-E|H-E|H2O-E|LE-E|N2O-E,10,800,Gentle slope (<2 %),WSW,SW,-9999,15,,
BE-Maa,Maasmechelen,Marilyn Roland,50.979868,5.631851,1,CSH,,,10.9,816.4,,,,-9999,,,
BE-Vie,Vielsalm,Caroline Vincke,50.304962,5.998099,1,MF,EuroFlux (EU-FP4)|CarboEuroFlux (EU-FP5)|CarboEuropeIP (EU-FP6)|IMECC (EU-FP6),BVOCs-E|CO2-E|H-E|H2O-E|LE-E,7.8,1062,"Medium Slope (>2 %, <5%)",NW,WSW,-9999,30,,
BE-Wm1,Westmalle1,Tim De Meulder,51.2964325,4.657248497,,CRO,,CO2-E|H-E|LE-E,10.9,932.9,Flat,FLAT,SW,-9999,,,
BE-Wm2,Westmalle2,Tim De Meulder,51.29747009,4.662438393,,CRO,,CO2-E|H-E|LE-E,10.9,932.9,Flat,FLAT,SW,-9999,,,
BF-Bon,Bontioli,Ulrike Falk,10.865556,-3.072778,,SAV,,,26.1,,,,,-9999,,,
BF-Btd,Boudtenga,Ulrike Falk,12.46,-1.25,,CRO,,,,,,,,-9999,,,
BG-Crp,Chirpan,Eram Artinyan,42.2149,25.2817,,CRO,,CO2-E|H-E|LE-E,12,598,Flat,FLAT,NE,-9999,21,,
BG-Rzn,Rozhen,Eram Artinyan,41.6947,24.7387,,ENF,,CO2-E|H-E|LE-E,5.7,1059,Hilltop,FLAT,NNW,-9999,125,,
BJ-Nan,Nangatchori,Laurent Kergoat,9.646983333,1.740883333,1,CRO,,,26,1200,,,,-9999,,,
BW-GhG,Ghanzi Grass Site,Christopher Williams,-21.51,21.74,,GRA,,,,,,,,-9999,,,
BW-GhM,Ghanzi Mixed Site,Christopher Williams,-21.2,21.75,,SAV,,,,,,,,-9999,,,
BW-Ghz,Ghanzi/Okwa River Crossing,Almut Arneth,-22.40916667,21.71305556,2,OSH,,,,,,,,-9999,,,
BW-Gum,Guma,Carole Helfter,-18.96472222,22.37111111,2,WET,,CH4-E|CO2-E|H-E|H2O-E|LE-E,21,460,Undulated/Variable,E,ESE,-9999,0,,
BW-Kvb,Kavimba,Peter Eliasson,-18.1076,24.637,,SAV,,CH4|CO2-E/C|H|LE,23,55,Flat,FLAT,ENE,40,,,
BW-Ma1,Maun,Almut Arneth| Elmar Veenendaal,-19.9165,23.56033333,2,SAV,CarboAfrica (EU-FP6),,22,464,,,,-9999,,,
BW-Mkt,Maun - Kalahari Transect,Almut Arneth,-19.923,23.594,2,SAV,,,,,,,,-9999,,,
BW-Nxr,Nxaraga,Carole Helfter,-19.54805556,23.17916667,2,GRA,,CH4-E/C|CO2-E/C|H-E|H2O-E|LE-E,21,460,Undulated/Variable,S,SE,-9999,0,,
CD-Ygb,Yangambi,Pascal Boeckx,0.814444,24.502472,2,EBF,,CH4-E|CO2-E|H-E|LE-E|N2O-E,NULL,,NULL,NULL,NULL,-9999,,,
CG-Hin,Hinda,Yann Nouvellon,-4.68111111,12.0036111,1,EBF,CarboAfrica (EU-FP6),,23.7,1200,"Medium Slope (>2 %, <5%)",270°,,-9999,,,
CG-Kis,Kissoko,Yann Nouvellon,-4.791388889,11.98222222,1,EBF,CarboAfrica (EU-FP6),,23.5,1076,Gentle slope (<2 %),90°,,-9999,,,
CG-Tch,Tchizalamou,Blandine Caquet,-4.289166667,11.65641667,1,SAV,CarboAfrica (EU-FP6),,25.7,1150,,,,-9999,,,
CH-Aws,Alp Weissenstein,Nina Buchmann,46.583194,9.790417,1,GRA,,CO2-E|H-E|LE-E,2.3,918,Flat,,,-9999,200,,
CH-BaA,Basel Aeschenplatz,Christian Feigenwinter,47.55123,7.5956,1,URB,,CO2-E|H-E|LE-E,10.9,778,Flat,FLAT,WNW,-9999,15,,
CH-BaK,Basel Klingelbergstrasse,Christian Feigenwinter,47.56173,7.58049,1,URB,,CO2-E|H-E|LE-E,10.9,778,Flat,FLAT,WNW,-9999,15,,
CH-Cha,Chamau,Nina Buchmann| EFDC Staff,47.21022222,8.410444444,1,GRA,CarboExtreme (EU-FP7)|GHG-Europe (EU-FP7),CH4-E|CO2-E|H-E|LE-E|N2O-E,9.5,1136,,,,-9999,,,
CH-Dav,Davos,Nina Buchmann| EFDC Staff,46.81533,9.85591,1,ENF,CarboExtreme (EU-FP7)|GHG-Europe (EU-FP7),CH4-E|CO2-E|H-E|LE-E|N2O-E,2.8,1062,,,,-9999,,,
CH-Dsc,Dischma,Lutz Merbold,46.7896991,9.864438203,1,GRA,,CO2-E|H-E|LE-E,2.8,1022,Flat,,315,-9999,155,,
CH-Frk,Furka,Georg Wohlfahrt,46.577752,8.421466,1,GRA,,CO2-E|H-E|H2O-E|LE-E,0.4,1450,Strong Slope (>10%),SE,W,-9999,210,,
CH-Fru,Früebüel ,Nina Buchmann| EFDC Staff,47.11583333,8.537777778,1,GRA,CarboExtreme (EU-FP7)|GHG-Europe (EU-FP7),CH4-C|CO2-E/C|H-E|LE-E|N2O-C,7.2,1651,Hilltop,,,-9999,,,
CH-Lae,Laegern,Nina Buchmann,47.478333,8.364389,1,MF,CarboEuropeIP (EU-FP6)|GHG-Europe (EU-FP7),CO2-E/C|H-E|LE-E,8.3,1100,Strong Slope (>10%),170°,SW-NE,-9999,,,
CH-Oe1,Oensingen grassland,Ammann Christoph ,47.28583333,7.731944444,1,GRA,GreenGrass (EU-FP5)|CarboEuropeIP (EU-FP6),,9,1100,Flat,ca. 50 deg,SW and NE,-9999,,,
CH-Oe2,Oensingen crop,Nina Buchmann,47.286417,7.73375,1,CRO,CarboEuropeIP (EU-FP6)|CarboExtreme (EU-FP7)|GHG-Europe (EU-FP7),CO2-E|H-E|H2O|LE-E,9.8,1155,Flat,Flat,SW-NE,-9999,,,
CH-Rtb,Rietholzbach,Sonia I. Seneviratne,47.3804,8.9934,1,GRA,,CO2-E|H-E|LE-E|Other-E,7.1,1434,Undulated/Variable,S,W,4.5,60,,
CH-See,Seebodenalp,Werner Eugster,47.0567,8.4644,,GRA,,CO2-E|H-E|LE-E,,,,,,-9999,,,
CR-AqC,Aquiares Coffee-Flux,Olivier Roupsard,9.93833,-83.72861,-6,EBF,,CO2-E|H-E|H2O-E|Isotopes|LE-E|N2O-C,19.45,3207,Valley,SE,SSW,5,0,,
CZ-BK1,Bily Kriz forest,Ladislav Sigut,49.50207615,18.53688247,1,ENF,CzeCOS (LM2023048),CO2-E|CO2-C|H-E|LE-E,6.7,1316,Strong Slope (>10%),184‘ from N,S,-9999,,,
CZ-BK2,Bily Kriz grassland,Marian Pavelka,49.49443,18.54285,1,GRA,CarboEuropeIP (EU-FP6)|CarboMont (EU-FP5)|GHG-Europe (EU-FP7),CO2-E|CO2-C|H-E|LE-E,6.7,1316,,SE,N,-9999,,,
CZ-KrP,Kresin u Pacova,Manuel Acosta,49.573257,15.078773,1,CRO,,CO2-E|H-E|LE-E,7.1,620,"Significant Slope (>5%, <10%)",,0,-9999,,,
CZ-Lnz,Lanzhot,Natalia Kowalska,48.6815483,16.9463317,1,MF,CzeCOS (LM2023048),CO2-E|CO2-C|H-E|LE-E,9.3,550,,,0,-9999,,,
CZ-RAJ,Rajec,Ladislav Sigut,49.4437236,16.6965125,1,ENF,CzeCOS (LM2023048),CO2-E|H-E|LE-E,7.1,681,"Medium Slope (>2 %, <5%)",ENE,NW,-9999,55,,
CZ-Stn,Stitna,Ladislav Sigut,49.035975,17.9699,1,DBF,CzeCOS (LM2023048)|CzeCOS (LM2023048),CO2-E|H-E|LE-E,8.7,685,"Significant Slope (>5%, <10%)",SW,SSE,-9999,71,,
CZ-wet,Trebon (CZECHWET),Jiri Dusek,49.02465,14.77035,1,WET,CarboEuropeIP (EU-FP6),CH4-C|CO2-E|CO2-C|H-E|LE-E,7.7,604,Flat,,,-9999,,,
DE-Akm,Anklam,Christian Bernhofer,53.86617,13.68342,1,WET,,CO2-E|H-E|H2O-E,8.7,558,Flat,,WSW,-9999,,,
DE-Amv,Amtsvenn,Mana Gharun,52.1757,6.95543,,WET,,CH4-C|CO2-E|H-E|LE-E,NULL,,Flat,NULL,NULL,-9999,,,
DE-Bay,Bayreuth,Christoph K Thomas,50.14194,11.86694,1,ENF,EuroFlux (EU-FP4),,5.8,885,,,,-9999,,,
DE-BeC,Berlin TU Campus Charlottenburg,Fred Meier,52.512283,13.327855,1,URB,,CO2-E|H-E|LE-E,10.1,590,Flat,FLAT,W,-9999,,,
DE-BeR,Berlin-Rothenburgstrasse,Fred Meier,52.457232,13.315827,1,URB,,CO2-E|H-E|LE-E,10.1,590,Flat,FLAT,W,-9999,,,
DE-Bou,Bourtanger Moor,Christian Brümmer,52.655284,7.183765,,WET,,CH4-C|CO2-E|H-E|LE-E|N2O-C,9.7,813,Flat,,,-9999,,,
DE-Brs,Braunschweig,Mathias Herbst,52.29663,10.44871,,CRO,,CO2-E|H-E|LE-E,8.9,624,Flat,FLAT,WSW,-9999,,,
DE-Dgw,Dagowsee,Torsten Sachs,53.1514092,13.0542746,1,WAT,,CH4-E|CO2-E|H-E|H2O-E|LE-E,9.02,602.9,Flat,Flat,SW,-9999,30,,
DE-Fen,Fendt,Rainer Steinbrecher| Hans Peter Schmid ,47.83292,11.06056,1,GRA,TERENO|ICOS,CO2-E|H-E|LE-E,8.4,1081,Flat,FLAT,230,-9999,67,,
DE-Geb,Gebesee,Christian Brümmer,51.09973,10.91463,1,CRO,CarboEuropeIP (EU-FP6)|IMECC (EU-FP6),CO2-E|H-E|LE-E,8.5,470,Flat,-,WSW,-9999,,,
DE-Gri,Grillenburg,Christian Bernhofer,50.95004,13.51259,1,GRA,CarboEuropeIP (EU-FP6),CO2-E|H-E|H2O-E|LE-E,8.4,877,Flat,,WSW,-9999,67,,
DE-GsB,Grosses Bruch,Corinna Rebmann ,52.029647,11.10478,1,GRA,,CH4-E|CO2-E/C|H-E|LE-E,,,,,230,-9999,,,
DE-Gwg,Graswang,Hans Peter Schmid,47.57083,11.03261,1,GRA,,CO2-E|H-E|LE-E,6.8,1531,Flat,FLAT,230,-9.68,112,,
DE-Hai,Hainich,Olaf Kolle| Alexander Knohl,51.0794084,10.4520894,1,DBF,CarboEuroFlux (EU-FP5)|CarboEuropeIP (EU-FP6)|ICOS-D|University Goettingen,CO2-E|H-E|Isotopes-C|LE-E,8.3,720,2.5,0,240,-9999,,,
DE-Har,Hartheim,Andreas Christen,47.933,7.5981,1,ENF,,CO2-E|H-E|LE-E,10.6,641,Flat,FLAT,S,7,0,,
DE-Hdn,Heydenhof,Torsten Sachs,53.868253,13.268543,1,CRO,,CO2-E|H-E|LE-E,NULL,,Flat,FLAT,SW,-9999,,,
DE-Hmm,Himmelmoor,Lars Kutzbach,53.739807,9.848723,,WET,,CH4-E|CO2-E|H-E|LE-E,,,,,SSW,-9999,,,
DE-HoH,Hohes Holz,Corinna Rebmann ,52.08656,11.22235,1,DBF,,CO2-E/C|H-E|LE-E,9.1,563,flat,FLAT,W,8.5,10,,
DE-Hte,Huetelmoor,Gerald Jurasinski,54.210278,12.176111,1,WET,,CH4-E|CO2-E|H-E|H2O-E|LE-E,9.2,645,FLAT,NW,W,0.4,5,,
DE-Hzd,Hetzdorf,Christian Bernhofer,50.96381,13.48978,1,DBF,,CO2-E|H-E|H2O-E|LE-E,7.8,901,"Medium Slope (>2 %, <5%)",N,S,-9999,,,
DE-Kan,Kannenbruch,Werner Kutsch,53.784328,10.604899,,DBF,,CO2-E|CO2-C|H-E|LE-E,,,,,,-9999,,,
DE-Kie,Kienhorst,Alexander Russ,52.97343,13.64393,,ENF,,CO2-E|H-E|LE-E,8.72,608.8,Flat,FLAT,SSW,-9999,17,,
DE-Kli,Klingenberg,Christian Bernhofer,50.89306,13.52238,1,CRO,CarboEuropeIP (EU-FP6),CO2-E|H-E|H2O-E|LE-E,7.6,842,,W,WSW,-9999,,,
DE-Lkb,Lackenberg,Rainer Steinbrecher,49.09961667,13.30466667,1,ENF,StMUV|NPV Bavarian Forest|TERENO,CO2-E|H-E|LE-E,4,1599,Hilltop,FLAT,200,-9999,173,,
DE-Lnf,Leinefelde,Alexander Knohl,51.3282167,10.3678,1,DBF,,CO2-E|H-E|LE-E,,,,,,-9999,,,
DE-Me2,Mehrstedt 2,Axel Don,51.275366,10.65555,1,GRA,,,8.5,547,Gentle slope (<2 %),200‘ from N,SW,-9999,,,
DE-Meh,Mehrstedt,Axel Don,51.27530556,10.65547222,1,MF,CarboEuropeIP (EU-FP6),,7.8,570,"Medium Slope (>2 %, <5%)",200‘ from N,SW,-9999,,,
DE-Msr,Mooseurach,Matthias Drösler,47.809181,11.456168,1,ENF,,CH4-C|CO2-E/C|N2O-C,,,,,,-9999,,,
DE-Obe,Oberbärenburg,Christian Bernhofer,50.78666,13.72129,1,ENF,,CO2-E|H-E|H2O-E|LE-E,5.5,996,"Significant Slope (>5%, <10%)",E,WNW,-9999,,,
DE-Okd,Oberklenkendorf,Christian Brümmer,53.412597,9.092467,,GRA,,CH4-E|CO2-E|H-E|LE|N2O-E,NULL,,Flat,FLAT,NULL,-9999,,,
DE-RbW,Rottenbuch West,Rainer Steinbrecher,47.72991,10.96898,1,GRA,TERENO,CO2-E|H-E|LE-E,,,Flat,FLAT,,-9999,,,
DE-Rns,Reinshof,Alexander Knohl,51.494952,9.932118,1,CRO,,CO2-E|H-E|H2O-E|LE-E,8.7,645,Flat,FLAT,SW,1.5,10,,
DE-RuR,Rollesbroich,Marius Schmidt,50.6219142,6.3041256,1,GRA,Forschungszentrum Juelich|Agrosphere Institute (IBG-3)|Tereno project (www.tereno.net)|Forschungszentrum Juelich|Agrosphere Institute (IBG-3),CO2-E|H-E|H2O-E|LE-E,7.7,1033,"Medium Slope (>2 %, <5%)",NNW,SSW,-9999,10,,
DE-RuS,Selhausen Juelich,Marius Schmidt| Alexander Graf,50.86590702,6.447144704,1,CRO,Forschungszentrum Juelich|Agrosphere Institute (IBG-3)|TERENO project (www.tereno.net)|Forschungszentrum Juelich|Agrosphere Institute (IBG-3),CO2-E|H-E|H2O-E|LE-E,10,700,FLAT,WSW,WSW,1.5,10,,
DE-RuW,Wustebach,Marius Schmidt,50.50492685,6.330962475,1,ENF,FZ Jülich, Agrosphere (IBG-3)|Univ. Trier, Umweltmeteorologie|Tereno project (www.tereno.net),CO2-E|H-E|LE-E,7.5,1250,"Medium Slope (>2 %, <5%)",90,200,-9999,50
DE-Sch,Schönau,John Tenhunen,47.6,12.96666667,,GRA,,,7.2,1400,,,,-9999,,,
DE-Seh,Selhausen,Karl Schneider,50.8706233,6.44965306,1,CRO,,,9.9,693,0 - 4°,W,,-9999,,,
DE-SfN,Schechenfilz Nord,Hans Peter Schmid,47.806389,11.3275,1,WET,,CH4-E|CO2-E|H-E|LE-E,8.6,1127,Flat,,130,0.06,73,,
DE-SfS,Schechenfilz Sued,Janina Klatt,47.80629,11.32757,1,WET,,CO2-E|H-E|H2O-E|LE-E,8.6,1127,Flat,NULL,NULL,-9999,73,,
DE-Sng,Solling,Alexander Knohl,51.75813,9.59333,,ENF,,CO2-E|H-E|LE-E,,,,,,-9999,,,
DE-Spw,Spreewald,Christian Bernhofer,51.89225,14.03369,1,WET,,CO2-E|H-E|H2O-E|LE-E,8.7,558,Flat,,WSW,-9999,,,
DE-Tha,Tharandt,Christian Bernhofer,50.96256,13.56515,1,ENF,EuroFlux (EU-FP4)|CarboEuroFlux (EU-FP5)|CarboEuropeIP (EU-FP6)|CarboExtreme (EU-FP7)|ICOS,CO2-E/C|H-E|H2O-E|LE-E,8.2,843,Gentle slope (<2 %),S,W,-12,72,,
DE-UtM,Uchter Moor,Carsten Schaller,52.5083,8.825833,1,WET,,CH4-E|CO2-E|H-E|LE-E|N2O-E|O3-E,9.6,703,Flat,FLAT,SW,-9999,,,
DE-Wet,Wetzstein,Corinna Rebmann | Olaf Kolle,50.4535,11.45753333,1,ENF,CarboEuropeIP (EU-FP6),,5.9,840,Undulated/Variable,,SW,-9999,,,
DE-Zrk,Zarnekow,Torsten Sachs,53.875943,12.88901,1,WET,,CH4-E|CO2-E|H-E|H2O-E|LE-E,8.7,584,Flat,FLAT,SW,-9999,,,
DK-Eng,Enghave,Kim Pilegaard,55.69052778,12.19175,1,GRA,,,8,613,Flat,,WSW,-9999,,,
DK-Fou,Foulum,Joergen Olesen,56.48419952,9.587220192,1,CRO,CarboEuropeIP (EU-FP6),,8,,1°-2°,-,SW-W,-9999,,,
DK-Gds,Gludsted Plantage,Thomas Friborg,56.0737,9.3341,1,ENF,,CO2-E|H-E|LE-E,8.5,1000,Flat,FLAT,WSW,5,25,,
DK-Lva,Rimi,Kim Pilegaard,55.68330002,12.08329964,1,GRA,CarboEuropeIP (EU-FP6)|GreenGrass (EU-FP5),CO2-E|H-E|LE-E,8,600,,,,-9999,,,
DK-MkA,Morke E-AR,Søren O. Petersen,56.38131,10.39461,,CRO,,CH4-C|CO2-C|N2O-C,9.2,579,Flat,,,111,,,
DK-MkG,Morke E-PG,Søren O. Petersen,56.38178,10.40312,,GRA,,CH4-C|CO2-C|N2O-C,9,579,Undulated/Variable,,,40,,,
DK-MkR,Morke E-RG,Søren O. Petersen,56.38179,10.4006,,CRO,,CH4-C|CO2-C|N2O-C,9.2,579,Flat,,,43,,,
DK-RCT,Risø Campus Tower,Andreas Ibrom,55.694101,12.088284,1,URB,,H-E|N2O-E,,600,Undulated/Variable,,WSW,-9999,,,
DK-RCW,Risø Campus Willow ,Andreas Ibrom,55.680682,12.101398,1,DBF,,CO2-E|H-E|LE-E|N2O-E,,,,,,-9999,,,
DK-Ris,Risbyholm,Henrik Sogaard,55.53027778,12.09722222,1,CRO,CarboEuropeIP (EU-FP6),,8,580,,,,-9999,,,
DK-SkA,Skjern W-AR,Søren O. Petersen,55.93777,8.44656,,CRO,,CH4-C|CO2-C|N2O-C,9.3,913,Flat,,,48,,,
DK-SkG,Skjern W-PG,Søren O. Petersen,55.94116,8.447355,,GRA,,CH4-C|CO2-C|N2O-C,9.6,913,Flat,,,42,,,
DK-Skj,Skjern,Thomas Friborg,55.91273,8.40481,1,WET,,CH4-E|CO2-E|H-E|LE-E,8.4,1000,Flat,W,WSW,0.5,20,,
DK-Sor,Soroe,Andreas Ibrom,55.4858694,11.6446444,1,DBF,EuroFlux (EU-FP4)|CarboEuroFlux (EU-FP5)|CarboEuropeIP (EU-FP6)|IMECC (EU-FP6)|CarboExtreme (EU-FP7),,8.2,660,,,,-9999,,,
DK-SVA,Store Vildmose N-AR,Søren O. Petersen,57.23313,9.84435,,CRO,,CH4-C|CO2-C|N2O-C,8.7,702,Flat,,,70,,,
DK-SVG,Store Vildmose N-PG,Søren O. Petersen,57.22988,9.83291,,GRA,,CH4-C|CO2-C|N2O-C,8.6,702,Flat,,,61,,,
DK-SVR,Store Vildmose N-RG,Søren O. Petersen,57.23312,9.84462,,CRO,,CH4-C|CO2-C|N2O-C,9.1,702,Flat,,,70,,,
DK-Ulb,Ulborg,Kim Pilegaard,56.29102778,8.428027778,,ENF,,,7.7,960,,,,-9999,,,
DK-Vng,Voulundgaard,Thomas Friborg,56.0374765,9.16070962,1,CRO,,CO2-E|H-E|LE-E|N2O-E,8.5,9500,Flat,FLAT,WSW,5,20,,
EE-Aar,Aardlapalu grassland,Ülo Mander,58.31305,26.74388,,GRA,,CH4-C|CO2-C|N2O-C,8.9,620,,,,-9999,,,
EE-Aga,Agali Forest Station,Kaido Soosaar,58.287472,27.283525,,DBF,,CH4-E/C|CO2-E/C|N2O-E/C,NULL,,Flat,NULL,NULL,-9999,,,
EE-Hi1,Hiiesoo abandoned peat extraction,Ülo Mander,59.3505,27.1008,,BSV,,CH4-C|CO2-C|N2O-C,7.8,657,,,,-9999,,,
EE-Hi2,Hiiesoo active peat extraction,Ülo Mander,59.3519,27.1016,,BSV,,CH4-C|CO2-C|N2O-C,7.8,657,,,,-9999,,,
EE-Jvs,Järvselja,Steffen M. Noe,58.274211,27.309952,,MF,,Aerosols-C|BVOCs|CH4|CO2-E|LE-E|O3,,,,,,-9999,,,
EE-Ka1,Kasesoo abandoned peat extraction,Ülo Mander,59.1411,27.6531,,BSV,,CH4-C|CO2-C|N2O-C,7.8,657,,,,-9999,,,
EE-Ka2,Kasesoo active peat extraction,Ülo Mander,59.1459,27.6636,,BSV,,CH4-C|CO2-C|N2O-C,7.8,657,,,,-9999,,,
EE-Ka3,Kasesoo bog,Ülo Mander,59.1417,27.6778,,WET,,CH4-C|CO2-C|N2O-C,7.8,657,,,,-9999,,,
EE-Ku1,Kuresoo bog wooded,Ülo Mander,58.4736,25.2125,,WET,,CH4-C|CO2-C|N2O-C,8.5,710,,,,-9999,,,
EE-Ku2,Kuresoo bog,Ülo Mander,58.4744,25.2008,,WET,,CH4-C|CO2-C|N2O-C,8.5,710,,,,-9999,,,
EE-Lv1,Lavassaare abandoned peat extraction,Ülo Mander,58.5727,24.3819,,BSV,,CH4-C|CO2-C|N2O-C,5.6,711,,,,-9999,,,
EE-Lv2,Lavassaare drained fen,Ülo Mander,58.5719,24.3908,,GRA,,CH4-C|CO2-C|N2O-C,5.6,711,,,,-9999,,,
EE-Lv3,Lavassaare grass cultivation,Ülo Mander,58.573,24.3858,,WET,,CH4-C|CO2-C|N2O-C,5.6,711,,,,-9999,,,
EE-Mam,Maima bog,Ülo Mander,58.5791,24.4266,,WET,,CH4-C|CO2-C|N2O-C,5.6,711,,,,-9999,,,
EE-Pdv,Pudivere grassland,Ülo Mander,59.0866,26.3744,,GRA,,CH4-C|CO2-C|N2O-C,7.9,653,,,,-9999,,,
EE-Ph1,Puhatu abandoned peat extraction,Ülo Mander,59.2658,27.6316,,BSV,,CH4-C|CO2-C|N2O-C,7.8,657,,,,-9999,,,
EE-Ph2,Puhatu active peat extraction,Ülo Mander,59.2659,27.6314,,BSV,,CH4-C|CO2-C|N2O-C,7.8,657,,,,-9999,,,
EE-Pts,Pitsalu,Kuno Kasak,58.56331611,24.36888762,2,WET,WATERLANDS,CH4-E|CO2-E|H-E|LE-E,10.6,870.5,Flat,NULL,SW,-9999,,,
EE-Rng,Ruhingu,Kuno Kasak,57.913145,26.694047,,WET,,CH4-E|CO2-E|H-E|LE-E,6.8,107.1,Flat,NULL,SW,-9999,,,
EE-Rok,Roka,Ülo Mander,58.245336,27.299731,,DBF,,CH4-C|CO2-C|N2O-C,5,610,,,,-9999,,,
EE-San,Sangla bog forest,Ülo Mander,58.32704,26.21819,,DBF,,CH4-C|CO2-C|N2O-C,8.9,620,,,,-9999,,,
EE-Stg,Soontaga Forest Station,Kaido Soosaar,58.023561,26.07074,,ENF,,CO2-E,NULL,,Flat,NULL,WSW,-9999,,,
EE-Vg1,Valgeraba bog forest,Ülo Mander,58.43507,25.23629,,DBF,,CH4-C|CO2-C|N2O-C,8.5,710,,,,-9999,,,
EE-Vg2,Valgeraba bog,Ülo Mander,58.43662,25.23675,,WET,,CH4-C|CO2-C|N2O-C,8.5,710,,,,-9999,,,
ES-Abr,Albuera,Mirco Migliavacca,38.701839,-6.785881,1,SAV,,CO2-E|H-E|LE-E,NULL,,Flat,FLAT,NULL,-9999,,,
ES-Agu,Aguamarga,Francisco Domingo Poveda,36.940046,-2.033208,1,OSH,GHG-Europe (EU-FP7),CO2-E|H-E|LE-E,,,,,,-9999,,,
ES-Amo,Amoladeras,Francisco Domingo Poveda,36.833608,-2.252318,1,OSH,GHG-Europe (EU-FP7),CO2-E|H-E|LE-E,,0,,,,-9999,,,
ES-AP1,Almodóvar del Pinar 1,Eva María Rubio Caballero,39.680985,-1.842411111,,ENF,,CO2-E|CO2-C|H-E|LE-E,12.6,507,"Medium Slope (>2 %, <5%)",,,-9999,,,
ES-AP2,Almodóvar del Pinar 2,Eva María Rubio Caballero,39.67726984,-1.84830946,,ENF,,CO2-E|CO2-C|H-E|LE-E,12.6,507,"Medium Slope (>2 %, <5%)",,,-9999,,,
ES-CMb,Cuenca Las Majadas burned,Francisco Ramón López Serrano,40.25830581,-1.968060873,,ENF,,CO2-E|CO2-C|H-E|LE-E,10.3,983,Strong Slope (>10%),,,-9999,,,
ES-CMu,Cuenca Las Majadas unburned,Francisco Raón López Serrano,40.25206923,-1.964783374,,ENF,,CO2-E|CO2-C|H-E|LE-E,10.3,983,Strong Slope (>10%),,,-9999,,,
ES-Cnd,Conde,Sergio Aranda-Barranco,37.914998,-3.227659,1,WSA,,CO2-E|H-E|LE-E|O3-E,15.8,474,"Medium Slope (>2 %, <5%)",NULL,NULL,-9999,,,
ES-CPa,Cortes de Pallas,Arnaud Carrara,39.22417,-0.90305,1,OSH,,CO2-E|H-E|LE-E,,,,,,-9999,,,
ES-Cst,Castellar,Maria Teresa Sebastià,42.305014,2.033568,,GRA,,CO2-E|CO2-C|H-E|LE-E,,,,180,180,-9999,120,,
ES-Dnn,Doñana,Ricardo Díaz-Delgado,36.995549,-6.513203,1,WSA,,CO2-E|H-E|H2O-E|LE-E,27,457.2,"Significant Slope (>5%, <10%)",W,W,6,0,,
ES-EBn,El Bonillo,Eva María Rubio Caballero,38.93706599,-2.64402303,,WSA,,,12.8,452,"Significant Slope (>5%, <10%)",,,-9999,,,
ES-ES1,El Saler (Valencia),Maria Jose Sanz| Arnaud Carrara,39.34481,-0.31999,1,ENF,Medeflu (EU-FP4)|CarboEuroFlux (EU-FP5)|CarboEuropeIP (EU-FP6),CO2-E|H-E|LE-E,17.85,550.7,,,,-9999,,,
ES-ES2,El Saler-Sueca (Valencia),Maria Jose Sanz| Arnaud Carrara,39.27438,-0.31641,1,CRO,CarboEuropeIP (EU-FP6)|IMECC (EU-FP6),CO2-E|H-E|LE-E,18,550,,-,E-W,-9999,,,
ES-FcO,Finca Oran,José González Piqueras,38.823638,-1.85977,,CRO,,CO2-E|H-E|LE-E,14.6,379,Gentle slope (<2 %),FLAT,WNW,-9999,2,,
ES-FtD,FuenteDuque,Nestor Fernandez,36.99818,-6.434566,,WET,,CO2-E|H-E|LE-E,,545,Flat,,,-9999,0,,
ES-Gdn,Guadiana,Penelope Serrano,37.910917,-3.228444,,EBF,,CO2-E/C|H-E|LE-E,15.8,474,"Medium Slope (>2 %, <5%)",,,-9999,,,
ES-LBr,La Bertolina,Maria Teresa Sebastià,42.098889,1.661389,,GRA,,CO2-E|CO2-C|H-E|LE-E,,,,180,160,-9999,15,,
ES-LgS,Laguna Seca,Borja Ruiz Reverter,37.097936,-2.965833,1,OSH,GHG-Europe (EU-FP7),CO2-E|CO2-C|H-E|LE-E,,,,,,-9999,,,
ES-LJu,Llano de los Juanes,Penelope Serrano,36.926594,-2.752115,1,OSH,GHG-Europe (EU-FP7),CO2-E|CO2-C|H-E|LE-E,16,400,,,,-9999,,,
ES-LM1,Majadas del Tietar North,Mirco Migliavacca,39.94269,-5.778683,1,SAV,,CO2-E|H-E|H2O-E|LE-E,16,700,Undulated/Variable,FLAT,SW,-9999,0,,
ES-LM2,Majadas del Tietar South,Mirco Migliavacca,39.934592,-5.775881,1,SAV,,CO2-E|H-E|H2O-E|LE-E,16,700,Undulated/Variable,FLAT,SW,-9999,0,,
ES-LMa,Las Majadas de Tietar (Caceres),Arnaud Carrara,39.94033,-5.77465,1,SAV,CarboEuropeIP (EU-FP6)|IMECC (EU-FP6)|CarboExtreme (EU-FP7)|GHG-Europe (EU-FP7),CO2-E|H-E|LE-E,18.5,572,"Medium Slope (>2 %, <5%)",,SW (250º) and NE (70º),-9999,0,,
ES-Ln1,Lanjaron-Non intervention,Andrew Kowalski,36.972098,-3.473851,1,OSH,GHG-Europe (EU-FP7),CO2-E|CO2-C|H-E|LE-E,,,16,255,,-9999,,,
ES-Ln2,Lanjaron-Salvage logging,Borja Ruiz Reverter,36.969502,-3.475819,1,OSH,GHG-Europe (EU-FP7),CO2-E|CO2-C|H-E|LE-E,,,,,,-9999,,,
ES-LTs,Las Tiesas Experimental Farm,Juan Manuel Sánchez,39.042395,-2.089033,,CRO,,CO2-E|H-E|LE-E,13.7,314,Flat,FLAT,WNW,-9999,2,,
ES-Mcd,Moncada,Arnaud Carrara,39.58819,-0.39969,,EBF,,CO2-E|H-E|LE-E|O3-E,17.6,460,Flat,NULL,NULL,-9999,,,
ES-MtN,MonteNegro,Nestor Fernandez,36.991805,-6.482628,,CSH,,CO2-E|H-E|LE-E,,545,Flat,,,-9999,0,,
ES-Mzn,Manzanera,Ana López Ballesteros,40.089496,-0.827409,,EBF,,CO2-E|H-E|LE-E,11.4,512,Flat,FLAT,NW,-9999,,,
ES-Pdu,Padul,Penelope Serrano,37.016975,-3.609228,1,WET,,CH4-E|CO2-E|CO2-C|H-E|LE-E|LE-C,,,,,,-9999,,,
ES-PRt,Pla de Riart,Maria Teresa Sebastià,42.063333,1.513333,,GRA,,CO2-E|CO2-C|H-E|LE-E,,,,,160,-9999,,,
ES-QdM,Quintos de Mora,Jose Manuel Moreno,39.42690514,-4.117171204,,CSH,,CO2-E,,,,,,-9999,,,
ES-SCf,Santa Clotilde forest,Maria P. Gonzalez-Dugo,38.210142,-4.287495,,SAV,,CO2-E|H-E|LE-E,15.4,720,"Significant Slope (>5%, <10%)",SW,SW,-9999,,,
ES-SCg,Santa Clotilde grassland,Maria P. Gonzalez-Dugo,38.210163,-4.289965,,SAV,,H-E|LE-E,15.4,720,"Significant Slope (>5%, <10%)",,,-9999,,,
ES-Srn,Sarrion,Ana López Ballesteros,40.15,-0.838,,EBF,,CO2-E|H-E|LE-E,11.8,476,Flat,FLAT,NW,-9999,,,
ES-Tol,Toledo,Jose Manuel Moreno,39.86004722,-4.030063889,,MF,,,15,400,,,,-9999,,,
ES-TzM,Tarazona de la Mancha,Juan Manuel Sánchez,39.26597,-1.939726,1,CRO,,CO2-E|H-E|LE-E,13.7,314,Flat,FLAT,WNW,-9999,2,,
ES-VDA,Vall d' Alinyà (Lleida),Arnaud Carrara,42.15111,1.44738,1,GRA,CarboEuropeIP (EU-FP6)|CarboMont (EU-FP5),CO2-E|H-E|LE-E,13,669,Gentle slope (<2 %),,N,-9999,,,
ES-Yst,Yeste,Francisco Ramón López Serrano,38.33893358,-2.350605236,,ENF,,CH4-E|CO2-E|CO2-C|H-E|LE-E,,,,,,-9999,,,
ES-Zam,Zambrana,Silvia Cosin,42.9325,-2.853055556,,CRO,,,19,,5,,,-9999,,,
FI-Alk,Alkkia,Tuomas Laurila,62.183367,22.784233,2,ENF,,CH4-C|CO2-E|CO2-C|H-E|LE-E|N2O-C,4.1,681,Flat,,SW,50,145,,
FI-Ant,Anttila,Narasinha Shurpali,63.16358,27.2347,,CRO,,CH4-E/C|CO2-E/C|H-E|LE-E|N2O-E/C,3.2,612,Gentle slope (<2 %),NNE,SW,0,166,,
FI-Hy2,Hyytiala Clear Cut,Narasinha Shurpali,61.84385,24.30433333,,BSV,,CH4-C|CO2-E/C|H-E|LE-E|N2O-C,3,700,Gentle slope (<2 %),SW,SW,-9999,,,
FI-Hyy,Hyytiala,Timo Vesala| EFDC Staff| Ivan Mammarella,61.84741,24.29477,2,ENF,EuroFlux (EU-FP4)|CarboEuroFlux (EU-FP5)|CarboEuropeIP (EU-FP6)|IMECC (EU-FP6)|CarboExtreme (EU-FP7)|GHG-Europe (EU-FP7),Aerosols-E|BVOCs|CH4-E/C|CO2-E/C|H-E|LE-E|N2O-C|O3-E,3.8,709,2,1,245,-9999,,,
FI-Jo2,Jokioinen2,Kristiina Regina,60.89903,23.5128,,CRO,,CH4-C|N2O-C,4.6,627,Flat,,225,90,154,,
FI-Jo3,Jokioinen3,Kristiina Regina,60.8988,23.5131,,CRO,,CH4-C|N2O-C,4.6,627,Flat,,225,90,154,,
FI-Jok,Jokioinen,Tuomas Laurila Annalea Lohila,60.8986,23.51345,2,CRO,GHG-Europe (EU-FP7),CH4-C|CO2-E|CO2-C|H-E|LE-E|N2O-C,4.6,627,Flat,,SW,90,154,,
FI-Kaa,Kaamanen,Mika Aurela,69.14057,27.26985,2,WET,CarboEuroFlux (EU-FP5)|CarboEuropeIP (EU-FP6),,-1.3,395,,,S,-9999,,,
FI-Ken,Kenttarova,Tuomas Laurila| Mika Aurela,67.98721472,24.24301028,2,ENF,,CO2-E|H-E|LE-E,,,,,,-9999,,,
FI-Kmp,Kumpula,Leena Järvi,60.20289,24.9611,2,URB,,Aerosols-E|BVOCs-E|CO2-E|H-E|LE-E|N2O-E,5.9,655,Hilltop,FLAT,SW,-9999,120,,
FI-Kns,Kalevansuo,Tuomas Laurila,60.64683333,24.356167,2,ENF,GHG-Europe (EU-FP7),CH4-C|CO2-E|H-E|LE-E|N2O-C,4.3,607,Flat,,SW,30,154,,
FI-Kvr,Kuivajarvi,Anne Ojala,61.84662,24.2804,2,WAT,,BVOCs-C|CH4-E/C|CO2-E/C|H-E|H2O-E|LE-E|N2O-C,3.3,711,Valley,,SSE,-9999,151,,
FI-Let,Lettosuo,Tuomas Laurila| Annalea Lohila,60.64183,23.95952,2,ENF,,CH4-C|CO2-E|CO2-C|H-E|H2O-E|LE-E|N2O-C,4.6,627,Flat,SW,SW,-9999,90,,
FI-Lom,Lompolojankka,Tuomas Laurila| Annalea Lohila,67.997239,24.209178,2,WET,GHG-Europe (EU-FP7),CH4-E|CH4-C|CO2-E|CO2-C|H-E|LE-E|N2O-C,-1.4,484,,,SW,-9999,191,,
FI-Ouk,Oulanka,Riku Paavola,66.37751734,29.30768069,,WET,,,,,,,,-9999,,,
FI-Pap,Pappilansuo,Narasinha Shurpali,63.13819,27.24574,,CRO,,CH4-E/C|CO2-E/C|H-E|LE-E|N2O-E/C,3.2,612,Flat,N,SSW,0.6,166,,
FI-Qvd,Qvidja,Laura Heimsch,60.295242,22.391607,2,CRO,,CH4-E|CO2-E|H-E|H2O-E|LE-E,5.4,650,Flat,Flat,SSE,-9999,-100,,
FI-Sar,Särkisuo,Narasinha Shurpali,63.15158,27.23739,,CRO,,CH4-E/C|CO2-E/C|H-E|LE-E|N2O-E/C,3.2,612,Flat,N,SW,0.6,166,,
FI-Si2,Siikaneva-2 Bog,Eeva-Stiina Tuittila,61.8372,24.1967,2,WET,,BVOCs-C|CH4-E/C|CO2-E/C|H-E|H2O-E|LE-E,3.5,701,FLAT,FLAT,SSW,0.093,120,,
FI-Sii,Siikaneva,Eeva-Stiina Tuittila,61.83265,24.19285,2,WET,,CH4-E|CO2-E|H-E|H2O-E,3.5,701,FLAT,,,-9999,120,,
FI-Skj,Siikajoki,Eeva-Stiina Tuittila,64.7807,24.6515,,WET,,CH4-C|CO2-C,2.3,521,,,,11,151,,
FI-Sod,Sodankyla,Tuomas Laurila| Mika Aurela| EFDC Staff,67.36238641,26.63859066,2,ENF,CarboEuroFlux (EU-FP5)|CarboEuropeIP (EU-FP6),,-1,500,,,S,-9999,,,
FI-Tvm,Tvärminne,Ivan Mammarella,59.841801,23.250271,2,WAT,,CO2-E|H-E|LE-E,NULL,,Flat,NULL,NULL,-9999,,,
FI-Var,Varrio,Pasi Kolari,67.7549,29.61,2,ENF,,CO2-E|H-E|H2O-E|LE-E,-0.5,601,Hilltop,,210,-9999,190,,
FI-Ves,Vesijako,Kari Minkkinen,61.3716,25.1055,,ENF,,CH4-C|CO2-C|N2O-C,4.5,650,,,,45,150,,
FR-Aur,Aurade,Tiphaine Tallec| Eric Ceschia,43.549649,1.106103,1,CRO,GHG-Europe (EU-FP7),CO2-E|H-E|LE-E|N2O-C,12.9,,"Significant Slope (>5%, <10%)",45°,WNW and SE,-9999,,,
FR-Avi,Avignon,Albert Olioso,43.91608333,4.878055556,1,CRO,CarboEuropeIP (EU-FP6),,14,687,,,,-9999,,,
FR-Bil,Bilos,Denis Loustau,44.493653,-0.956092,1,ENF,,CO2-E|CO2-C|H-E|LE-E,12.8,930,Flat,0,285,1.2,3,,
FR-CLt,Col du Lautaret,Didier Voisin,45.0414,6.41053,1,GRA,,CO2-E|H-E|LE-E,3.5,950,"Significant Slope (>5%, <10%)",SE,SW,-9999,172,,
FR-Cou,Couhins,Jean-Pierre Gaudillère,44.75555556,-0.555555556,,CRO,,,13.3,900,,,,-9999,,,
FR-EM1,Estrées-Mons A27,Bruno Mary,49.8721083,3.02065,,CRO,,CH4-E|CO2-E/C|CO2-E/C|H-E|H2O-E|LE-E|LE-C|N2O-C,10.8,680,Flat,Flat,SSW,-9999,15,,
FR-EM2,Estrees-Mons A28,joel Leonard,49.8721083,3.02065,1,CRO,,CO2-E/C|H-E|H2O-E|LE-E|N2O-C,10.8,680,Flat,Flat,SSW,-9999,15,,
FR-FBn,Font-Blanche,Guillaume Simioni,43.24079,5.67865,1,MF,,CO2-E|H-E|LE-E,13.6,700,2.8,,320,-9999,,,
FR-Fgs,Fougères,Longdoz Bernard,48.38,-1.18,,DBF,,CO2-C,,,,,,-9999,,,
FR-Fon,Fontainebleau-Barbeau,Eric Dufrêne| EFDC Staff,48.476358,2.780096,1,DBF,CarboEuropeIP (EU-FP6)|ICOS|SOERE F-ORE-T|ANAEE,CO2-E|H-E|H2O-E|LE-E|O3,10.2,720,Gentle slope (<2 %),WSW,WSW,-9999,2,,
FR-Gri,Grignon,Pierre Cellier| EFDC Staff| Benjamin Loubet,48.84422,1.95191,1,CRO,CarboEuropeIP (EU-FP6)|NitroEuropeIP (EU-FP7)|ECLAIRE (EU-FP7)|INGOS (EU-FP7),CO2-E|H-E|H2O-E|LE-E|N2O-C|O3-E,12,650,Gentle slope (<2 %),FLAT,SW,-9999,0,,
FR-Hes,Hesse,Matthias Cuntz,48.6741,7.06465,1,DBF,EuroFlux (EU-FP4)|CarboEuroFlux (EU-FP5)|CarboEuropeIP (EU-FP6)|IMECC (EU-FP6)|GHG-Europe (EU-FP7),,9.2,820,0°-5°,,NE and SW,-9999,,,
FR-Lam,Lamasquere,Aurore Brut,43.496438,1.237878,1,CRO,GHG-Europe (EU-FP7),CO2-E|H-E|LE-E,12.55,,Flat,,WNW and SE,-9999,,,
FR-LBr,Le Bray,Denis Loustau| EFDC Staff,44.71711,-0.7693,1,ENF,EuroFlux (EU-FP4)|CarboEuroFlux (EU-FP5)|CarboEuropeIP (EU-FP6),CO2-E|CO2-C|H-E|Isotopes-E|LE-E|O3-E,13.6,900,,,,-9999,,,
FR-LGt,La Guette,Sebastien Gogo,47.322917,2.284102,1,WET,SNO Tourbières INSU|CNRS|Universite Orleans,CH4-E|CO2-E|H-E|LE-E|Other-E,11,880,Gentle slope (<2 %),SW,SW,0.2,2,,
FR-Lq1,Laqueuille intensive,Katja Klumpp,45.64305556,2.735833333,1,GRA,GreenGrass (EU-FP5)|CarboEuropeIP (EU-FP6)|IMECC (EU-FP6)|CarboExtreme (EU-FP7)|GHG-Europe (EU-FP7),CH4-E|CO2-E|H|LE|N2O-C,13.6,1313,,-,E-NE,-9999,80,,
FR-Lq2,Laqueuille extensive,Katja Klumpp,45.63919444,2.737027778,1,GRA,GreenGrass (EU-FP5)|CarboEuropeIP (EU-FP6)|CarboExtreme (EU-FP7)|GHG-Europe (EU-FP7),CH4-E|CO2-E|H-E|LE-E|N2O-C,13.6,1313,,-,E-NE,-9999,,,
FR-Lus,Lusignan,Francois Gastal,46.4142461,0.1206518,1,GRA,CarboEuropeIP (EU-FP6),CO2-E|H-E|LE-E,11.6,812,Flat,,247.5,-9999,,,
FR-Mau,Mauzac,Jean-Christophe Calvet,43.38527778,1.292222222,1,GRA,CNRM/GAME (METEO-FRANCE, CNRS)|CNES|ONERA,CO2-E|H-E|LE-E,13.5,600,,,,-9999,,
FR-Mej,Mejusseaume,Christophe Flechard,48.1184,-1.79635,1,GRA,,CO2-E|H-E|LE-E|N2O,11.7,725,Gentle slope (<2 %),SE,SW,1,1,,
FR-MsS,Montiers sur Saulx,Catherine Galy,48.53816,5.31187,1,DBF,,CO2-E|H-E|LE-E,9.7,1090,,,,-9999,,,
FR-Nzn,Naizin,Christophe Flechard ,48.005812,-2.81721,,GRA,,CO2-E|H-E|H2O-E|LE-E,12.2,655.6,Gentle slope (<2 %),NE,SW,-9999,1,,
FR-OnV,Osne-le-Val,Sébastien Conil,48.50846,5.213463,1,GRA,,CO2-E|H-E|LE-E,9.7,995,,,,-9999,,,
FR-Pue,Puechabon,Richard Joffre,43.7413,3.5957,1,EBF,CarboEuroFlux (EU-FP5)|CarboEuropeIP (EU-FP6)|IMECC (EU-FP6)|CarboExtreme (EU-FP7)|GHG-Europe (EU-FP7),CO2-E|H-E|H2O-E,13.3,924,Flat,,NE,-9999,0,,
FR-Tou,Toulouse,Jean-Christophe Calvet,43.572855,1.37474,1,GRA,,Aerosols|CO2-E|H-E|LE-E,13.8,638,Flat,FLAT,WNW,5.3,1,,
GF-Cpg,Carpagg ,Vincent Blanfort,5.3531,-53.004,,GRA,,CO2-E,25.7,3000,Gentle slope (<2 %),SW,NE,-9999,,,
GF-Guy,Guyaflux (French Guiana),Damien Bonal,5.2787,-52.9248,-3,EBF,,CO2-E|H-E|LE-E,25.7,3041,Undulated/Variable,,80,-9999,0,,
GF-Nrg,Nouragues European Tropical Research Station,EFDC Staff| Jérôme Chave,4.087768,-52.086228,-3,EBF,,CO2-E|H-E|LE-E,25.5,2560,Undulated/Variable,SE,SE,-9999,0,,
GH-Ank,Ankasa,Riccardo Valentini,5.26854275,-2.69420592,,EBF,CarboAfrica (EU-FP6),CH4-E|CH4-C|CO2-E|H-E|LE-E,26,1900,,,,-9999,,,
GL-Dsk,Disko,Thomas Friborg,69.25349,-53.51413,-3,SNO,,CO2-E|H-E|LE-E,-3,420,"Medium Slope (>2 %, <5%)",SE,E,0.5,200,,
GL-Kbf,Kobbefjord,Thomas Friborg,64.1382,-51.3784,,GRA,,CO2-E|H-E|LE-E,-1,750,"Medium Slope (>2 %, <5%)",NW,NW,1,180,,
GL-NuF,Nuuk Fen,Birger U Hansen,64.130933,-51.386068,-3,WET,,CH4-C|CO2-E|CO2-C|H-E|H2O|LE-E,-1.4,750,Flat,FLAT,W,-9999,240,,
GL-ZaF,Zackenberg Fen,EFDC Staff| Marcin Antoni Jackowicz-Korczynski,74.481522,-20.555773,,WET,,CH4-C|CO2-E|CO2-C|H-E|H2O|LE-E,-9,211,Flat,FLAT,SW,-9999,240,,
GL-ZaH,Zackenberg Heath,Magnus Lund,74.473299,-20.550869,,GRA,,CO2-E|H-E|H2O|LE-E,-9,211,Flat,Flat,,-9999,240,,
GR-HeK,Heraklion Kornarou,Nektarios Chrysoulakis,35.33613,25.1328,2,URB,,CO2-E|H-E|LE-E,25.3,,NULL,NW,NULL,-9999,,,
GR-HeM,Heraklion Mastabas,Nektarios Chrysoulakis,35.32343,25.13017,2,URB,,CO2-E|H-E|LE-E,NULL,,NULL,N,NULL,-9999,,,
GR-Prt,Pertouli,Ioannis Gitas,39.5434,21.4989,,ENF,,,,,,,,-9999,,,
GR-Vcs,Vocals,Spyridon Rapsomanikis,40.889737,24.84893,,GRA,,CH4-E|CO2-E|H-E|LE-E,16,800,Flat,,45,3,0,,
HR-Jst,Jastrebarsko oak forest,Hrvoje Marjanovic ,45.6194,15.6877,,DBF,,CO2-E|H-E|H2O-E|LE-E,10.6,962,Flat,Flat,NE,1.7,14,,
HU-Bug,Bugac,Zoltan Nagy,46.69110107,19.60129929,1,GRA,GreenGrass (EU-FP5)|CarboEuropeIP (EU-FP6),,11,500,,,NE,-9999,,,
HU-He1,Hegyhatsal,Zoltan BARCZA,46.955947,16.652025,1,CRO,GHG-Europe (EU-FP7),CO2-E|H-E|LE-E,,,,,,-9999,,,
HU-He2,Hegyhatsal tower 2,Zoltan Barcza,46.95515,16.652661,,GRA,,CO2-E|H-E|LE-E,,,,,,-9999,,,
HU-Mat,Matra,Zoltan Nagy,47.84690094,19.72599983,2,GRA,CarboEuropeIP (EU-FP6)|CarboMont (EU-FP5),,11,600,,,,-9999,,,
HU-Spr,Sopron,Attila Eredics,47.6558725,16.4544737,,DBF,,CO2-C,,,,,,-9999,,,
IE-Ca2,Carlow  grassland,Mike Jones,52.86758,-6.91117,,GRA,GreenGrass (EU-FP5)|CarboEuropeIP (EU-FP6),,,804,Flat,180 degrees from N (ieSouth facing),SW,-9999,,,
IE-CaC,Carlow Conventional Tillage,Bruce Osborne,52.85879167,-6.918136111,,CRO,,CO2-E|H-E|H2O-E|LE-E,9.6,804,Gentle slope (<2 %),NULL,NULL,-9999,0,,
IE-CaN,Carlow No Tillage,Bruce Osborne,52.85879167,-6.918136111,,CRO,,CO2-E|H-E|H2O-E|LE-E,9.6,804,Gentle slope (<2 %),NULL,NULL,-9999,0,,
IE-CLa,Co. Laois,Bruce Osborne| Matthew Saunders ,52.95,-7.25,,ENF,,,,804,,,,-9999,,,
IE-Cra,Clara Raised Bog,Matthew Saunders ,53.323088,-7.641774,,WET,,CO2-E|H-E|LE-E,9.6,820.6,Flat,FLAT,SW,0.017,0,,
IE-Dgm,Donoughmore,Gerard Kiely,51.986179,-8.753931,,DBF,,CO2-E|H-E|LE-E,10.5,1450,Flat,,225,-9999,,,
IE-Doa,Dooary,Brian Tobin Matthew Saunders,52.948732,7.253945,,DBF,,,,,,,,-9999,,,
IE-Dri,Dripsey,Gerard Kiely,51.9866944,-8.75180556,,GRA,CarboEuropeIP (EU-FP6),,,1450,Flat,,SW,-9999,,,
IE-GtF,Gurteen Farm,Gary Lanigan,53.040251,-8.001742,,GRA,,,,,,,,-9999,,,
IE-Gwr,Gowran,Gari Lanigan| Macdara O'Neill,52.6365,-7.011306,,CRO,,,9.9,857.4,Flat,SW,SW,-9999,,,
IE-JtC,Johnstown Castle,Gary Lanigan,52.298188,-6499806,,GRA,,,,1049,,,SW,-9999,,,
IE-Kil,Killorglin - Glencar ,Gerard Kiely,51.96836111,-9.900305556,,WET,CarboEuropeIP (EU-FP6),,,1950,,,,-9999,,,
IE-LmW,Leam West,Shane Regan,53.45647,-9.89284,,WET,,,,,,,,-9999,,,
IL-Yat,Yatir,Dan Yakir,31.34504459,35.05198851,2,ENF,CarboEuroFlux (EU-FP5)|CarboEuropeIP (EU-FP6),,18.2,285,"Medium Slope (>2 %, <5%)",S,west,-300,,,
IN-CRR,Central Rice Research Institute (CRRI),Tapan Kumar Adhya| Pratap Bhattacharyya,20.45188333,85.94026667,,CRO,,,27.7,1500,,,,-9999,,,
IS-Gun,Gunnarsholt,,63.83330154,-20.2166996,,DBF,EuroFlux (EU-FP4),,3.6,1117,,,,-9999,,,
IT-Amp,Amplero,Dario Papale,41.90409927,13.60515669,1,GRA,CarboMont (EU-FP5)|CarboEuropeIP (EU-FP6)|CarboItaly (IT-FISR),CO2-E|H-E|LE-E,10,1360,,,,-9999,,,
IT-BCi,Borgo Cioffi,Vincenzo Magliulo| EFDC Staff,40.52375,14.95744444,1,CRO,CarboEuropeIP (EU-FP6)|CarboItaly (IT-FISR)|NItroEurope (EU-FP6)|NitroEurope (EU-FP6),BVOCs-E|CH4-E/C|CO2-E|H-E|LE-E|N2O-E/C,18,600,"Medium Slope (>2 %, <5%)",S,NE-SW,5,,,
IT-Be1,Beano1,Alessandro Peressotti,46.00361,13.02556,1,CRO,CarboItaly (IT-FISR),,13.5,1216,Flat,,NE,-9999,,,
IT-Be2,Beano2,Alessandro Peressotti,46.00431,13.02776,1,CRO,CarboItaly (IT-FISR),,13.5,1216,Flat,,NE,-9999,,,
IT-BFt,Bosco Fontana,Giacomo Gerosa,45.197755,10.741966,1,DBF,,Aerosols-E|CO2-E/C|H-E|LE-E|N2O-C|O3-E,13.2,650,Flat,,90,3,5,,
IT-Bon,Bonis,Giuseppe Scarascia Mugnozza| Giorgio Matteucci,39.47777778,16.53472222,1,ENF,CarboItaly (IT-FISR),,8.9,1170,,,,-9999,,,
IT-BsB,Bussoleno Bosco,Mesmer N'sassila,45.11835,7.16198,1,DBF,,CO2-E|H-E|LE-E,NULL,,NULL,NULL,NULL,-9999,,,
IT-Bsn,Bussoleno,Mesmer N'sassila,45.119313,7.16049,1,GRA,,CO2-E|H-E|LE-E,NULL,,NULL,NULL,NULL,-9999,,,
IT-CA1,Castel d'Asso1,Dario Papale,42.38041111,12.02656111,1,DBF,GHG-Europe (EU-FP7),CH4-C|CO2-E|CO2-C|H-E|LE-E|N2O-C,14,766,Flat,FLAT,SW,-9999,,,
IT-CA2,Castel d'Asso2,Dario Papale| Beniamino Gioli,42.37721944,12.02603889,1,CRO,GHG-Europe (EU-FP7),CH4-C|CO2-E|CO2-C|H-E|LE-E|N2O-C,14,766,Gentle slope (<2 %),SW,SW,-9999,,,
IT-CA3,Castel d'Asso 3,Giorgio Matteucci| Dario Papale,42.38,12.0222,1,DBF,GHG-Europe (EU-FP7),CH4-C|CO2-E|H-E|LE-E|N2O-C,14,766,Flat,FLAT,SW,-9999,,,
IT-Cas,Castellaro,Ignacio Goded| Giovanni Manca,45.07004722,8.717522222,1,CRO,CarboEuropeIP (EU-FP6)|CarboItaly (IT-FISR),CO2-E|H-E|LE-E,11.9,,Flat,,various with dominant sector from west,-9999,,,
IT-CdD,Casalina di Deruta,Alessandra Vinci,42.950231,12.381827,,CRO,,CO2-E|H-E|LE-E,,,,,,-9999,,,
IT-Cng,Cantaglia,Alessandra Lagomarsino,44.71,11.53,,CRO,,CH4-C|CO2-C|N2O-C,13,,Flat,,,-9999,,,
IT-Col,Collelongo,Giorgio Matteucci,41.84936,13.58814,1,DBF,EuroFlux (EU-FP4)|CarboEuroFlux (EU-FP5)|CarboEuropeIP (EU-FP6)|CarboItaly (IT-FISR)|GHG-Europe (EU-FP7),,6.3,1180,Undulated/Variable,S-SW,,-9999,,,
IT-Cp2,Castelporziano2,Silvano Fares ,41.70426559,12.35729313,1,EBF,,BVOCs-E|CH4-E|CO2-E|H-E|LE-E|O3-E,15.2,805,Flat,,,-9999,,,
IT-Cpz,Castelporziano,Dario Papale,41.7052493,12.3761058,1,EBF,EuroFlux (EU-FP4)|CarboEuroFlux (EU-FP5)|CarboEuropeIP (EU-FP6)|CarboItaly (IT-FISR),CO2-E|H-E|LE-E,15.6,780,,,,-9999,,,
IT-Ctv,Castelvetrano,Marianna Nardino,37.64416,12.84638,1,CRO,CarboItaly (IT-FISR),,17.5,510,,,,-9999,,,
IT-Gln,Giugliano,Paul di Tommasi,40.94711666,14.11708888,,URB,,BVOCs-C|CH4-E|CO2-E|H-E|Isotopes-C|LE-E,21,1000,Undulated/Variable,FLAT,SE,15,0,,
IT-Isp,Ispra ABC-IS,Ignacio Goded| Giovanni Manca,45.812643,8.633579,1,DBF,ECLAIRE,CO2-E|H-E|H2O-E|LE-E|O3-E,12.2,1300,flat,flat,NNW,-9999,3,,
IT-La2,Lavarone2,Alessandro Cescatti,45.9542,11.2853,1,ENF,,CO2-E|H-E|LE-E,7.2,1150,,,,-9999,,,
IT-Lav,Lavarone,Damiano Gianelle,45.9562,11.28132,1,ENF,CarboEuroFlux (EU-FP5)|CarboEuropeIP (EU-FP6)|GHG-Europe (EU-FP7)|CarboItaly (IT-FISR),CO2-E|H-E|LE-E,7.8,1291,,,,-9999,,,
IT-Lec,Lecceto,Lorenzo Genesio,43.30359,11.26975,1,EBF,CarboEuropeIP (EU-FP6)|CarboItaly (IT-FISR)|GHG-Europe (EU-FP7),,12,870,,135‘ from N,SE,-9999,,,
IT-LMa,La Mandria,Fabio Petrella,45.15258,7.58259,1,DBF,CarboEuropeIP (EU-FP6)|CarboItaly (IT-FISR),,11.6,1030,Flat,Flat,no prevailing wind direction,-9999,,,
IT-Lpd,Lampedusa,Meloni Daniela,35.5252,12.5365,,OSH,,CO2-E,19,315,Flat,S,NNW,-9999,0,,
IT-Lsn,Lison,Andrea Pitacco,45.740481,12.750297,1,OSH,,CO2-E|H-E|H2O-E|LE-E,13.1,1083,Flat,FLAT,NNE,1.5,0,,
IT-Mal,Malga Arpaco,Carlo Calfapietra,46.11402,11.70334,1,GRA,GreenGrass (EU-FP5)|CarboEuropeIP (EU-FP6)|CarboItaly (IT-FISR)|The project of Interest NextData|The rpoject of Interest NextData,,6.3,1200,,,,-9999,,,
IT-MBo,Monte Bondone,Damiano Gianelle,46.014678,11.045831,1,GRA,GHG-Europe (EU-FP7)|CarboMont (EU-FP5)|CarboEuropeIP (EU-FP6)|CarboItaly (IT-FISR),CO2-E|H-E|LE-E,5.1,1214,Flat,FLAT,,-9999,,,
IT-MPn,Monte Pino ,Nazzareno Diodato,41.1073,14.7416,,CRO,,,,,,,,-9999,,,
IT-Mrs,Marsciano,Alessandra Vinci,42.927225,12.3651,1,CRO,,CO2-E|H-E|LE-E,,,,,,-9999,,,
IT-MsN,Masseria Nola,Alfonso Senatore,39.71472,16.27806,,DBF,,CO2-E|H-E|LE-E,16,800,Flat,,195,49,,,
IT-MtM,Muntatschinig Meadow,Georg Wohlfahrt,46.687021,10.579757,1,GRA,,CO2-E|H-E|H2O-E|LE-E,6.5,550,Strong Slope (>10%),SW,S,-9999,120,,
IT-MtP,Muntatschinig Pasture,Georg Wohlfahrt,46.684285,10.585237,1,GRA,,CO2-E|H-E|H2O-E|LE-E,6.5,550,Strong Slope (>10%),SW,S,-9999,120,,
IT-Neg,Negrisia - Ponte di Piave,Andrea Pitacco,45.74756389,12.44673056,1,CRO,CarboItaly (IT-FISR),,13.1,,Flat,,ENE,-9999,,,
IT-Niv,Nivolet,Antonello Provenzale,45.49091,7.13943,1,GRA,,CO2-E|H-E|LE-E,NULL,,Flat,NULL,NULL,-9999,,,
IT-Noe,Arca di Noe - Le Prigionette,Donatella Spano| Pierpaolo Duce,40.606176,8.151694,1,CSH,CarboItaly (IT-FISR),CO2-E|H-E|H2O-E|LE-E,15.9,588,Flat,FLAT,W,-9999,0,,
IT-Non,Nonantola,Franco Miglietta,44.69019,11.09109,1,MF,CarboEuroFlux (EU-FP5)|CarboEuropeIP (EU-FP6)|CarboItaly (IT-FISR),,14.5,1000,Flat,,275,-9999,,,
IT-OVr,Osservatorio Valerio,Carolina Vagnoli,43.912014,12.904041,1,URB,,CO2-E|H-E|LE,,,,,,-9999,,,
IT-OXm,Osservatorio Ximeniano,Beniamino Gioli,43.774465,11.255111,1,URB,,CO2-E|H-E|LE-E,,,,,,-9999,,,
IT-PCm,Parco Urbano di Capodimonte,Carlo Calfapietra,40.8741,14.2504,1,EBF,,BVOCs-E|CH4-E|CO2-E|H-E|Isotopes-E|LE-E|N2O|O3-E,16.4,846,Flat,,,-9999,,,
IT-Pia,Pianosa,Vaccari Francesco Primo,42.5838694,10.0784,1,OSH,CarboEuropeIP (EU-FP6)|CarboItaly (IT-FISR),,16,460,,,N,-9999,,,
IT-PT1,Parco Ticino forest,Ignacio Goded| Giovanni Manca,45.20087222,9.061038889,1,DBF,CarboEuroFlux (EU-FP5)|CarboEuropeIP (EU-FP6),CO2-E|H-E|LE-E,12.7,984,Flat,,E,-9999,,,
IT-Ren,Renon,Leonardo Montagnani| Enrico Tomelleri,46.58686,11.43369,1,ENF,GHG-Europe (EU-FP7)|EuroFlux (EU-FP4)|CarboEuroFlux (EU-FP5)|CarboEuropeIP (EU-FP6)|CarboItaly (IT-FISR),,4.7,809.3,Strong Slope (>10%),220° from N,350° N,-9999,,,
IT-Ro1,Roccarespampani 1,Dario Papale,42.40812,11.93001,1,DBF,CarboEuroFlux (EU-FP5)|CarboEuropeIP (EU-FP6)|CarboItaly (IT-FISR),CO2-E|H-E|LE-E,15.15,876.2,,,45,-9999,,,
IT-Ro2,Roccarespampani 2,Dario Papale,42.39026,11.92093,1,DBF,CarboEuroFlux (EU-FP5)|CarboEuropeIP (EU-FP6)|CarboItaly (IT-FISR)|IMECC (EU-FP6)|GHG-Europe (EU-FP7),CH4-C|CO2-E|H-E|LE-E|N2O-C,15.15,876.2,,,,-9999,,,
IT-Ro3,Roccarespampani3,Dario Papale,42.37539,11.91542,1,CRO,GHG-Europe (EU-FP7)|CarboItaly (IT-FISR),CO2-E|H-E|LE-E,15.15,876.2,,,,-9999,,,
IT-Ro4,Roccarespampani4,Dario Papale,42.37333,11.91922,1,CRO,CarboItaly (IT-FISR),CO2-E|H-E|LE-E,15.15,876,,,,-9999,,,
IT-Rut,Rutigliano,Rossana M. Ferrara,40.993753,17.03274,,CRO,,CO2-E|H-E|LE-E,15.7,600,,,,-9999,,,
IT-Sas,Sassari,Donatella Spano,40.716957,8.575956,,URB,,CO2-E|H-E|LE-E,16,515.8,Gentle slope (<2 %),NW,NW,-9999,,,
IT-SMc,San Marcellino,Daniela Famulari,40.84725555,14.25781666,1,URB,,Aerosols-E|BVOCs-E|CH4-E|CO2-E|H-E|LE-E|O3-E,21,1000,Flat,FLAT,S,10,0,,
IT-SPC,San Pietro Capofiume,Giovanni Bonafe,44.653869,11.62277,1,GRA,,CO2-E|H-E|LE-E,14.6,644,Flat,,W,158,,,
IT-SR2,San Rossore 2,Nicola Arriga,43.732022,10.29091,1,ENF,,CO2-E|H-E|H2O-E|LE-E,14.2,920,flat,flat,W,-9999,0,,
IT-SRo,San Rossore,Ignacio Goded| Giovanni Manca,43.72786111,10.28444444,1,ENF,Medeflu (EU-FP4)|CarboEuroFlux (EU-FP5)|CarboEuropeIP (EU-FP6),CO2-E|H-E|LE-E,14.2,920,Flat,,280,-9999,,,
IT-Ter,Terranova,Donatella Spano,40.70377778,9.398166667,,MF,,,,0,,,,-9999,,,
IT-To1,Tolfa wet,Dario Papale,42.18967363,11.92155414,1,EBF,MIND (EU-FP5),,,,,,,-9999,,,
IT-To2,Tolfa dry,Dario Papale,42.18967363,11.92155414,1,EBF,MIND (EU-FP5),,,,,,,-9999,,,
IT-Tol,Tolfa,Dario Papale,42.18967,11.92155,1,EBF,CarboEuropeIP (EU-FP6)|MIND (EU-FP5)|CarboItaly (IT-FISR),CO2-E|H-E|LE-E,14.99,781,,,,-9999,,,
IT-Tor,Torgnon,Edoardo Cremonese,45.84444,7.578055,1,GRA,PhenoALP e-PHENO, ALCOTRA 07-13|ARPA Aosta Valley,CO2-E/C|H-E|H2O-E|LE-E,2.9,920,Gentle slope (<2 %),S,N,-9999,200,
IT-TrF,Torgnon-LD,Marta Galvagno,45.82376,7.56089,1,DNF,,CO2-E|CO2-C|H-E|LE-E,3.1,1100,"Significant Slope (>5%, <10%)",120,140,-9999,220,,
IT-VdA,Valle dell'Adige,Damiano Gianelle,46.19678,11.11354,1,CRO,CarboItaly (IT-FISR),,11.8,822,,,,-9999,,,
IT-Vig,Vigevano,Ignacio Goded| Giovanni Manca,45.29591,8.87554,1,DBF,,CO2-E|H-E|LE-E,15.3,810,,,,-9999,,,
ML-AgG,Agoufou G,Laurent Kergoat| Franck Timouk,15.34322,-1.48067,,GRA,CarboAfrica (EU-FP6),,29.7,350,,,,-9999,,,
ML-AgS,Agoufou S,Laurent Kergoat,15.49961667,1.390083333,,,,,,,,,,-9999,,,
ML-Bam,Bamba,Laurent Kergoat,17.09838,1.4011655,,,CarboAfrica (EU-FP6),,,,,,,-9999,,,
ML-Kem,Kelma,Laurent Kergoat| Franck Timouk,15.2237,-1.5662,,DBF,CarboAfrica (EU-FP6),,29.6,350,,,,-9999,,,
NE-WaD,Wankama Degraded Fallow,Bernard Cappelaere,13.6463167,2.64301667,,CRO,CarboAfrica (EU-FP6),,,,,,,-9999,,,
NE-WaF,Wankama Fallow,Bernard Cappelaere,13.64758138,2.63368891,,CRO,CarboAfrica (EU-FP6),,28.45,519,Gentle slope (<2 %),125° from N,WSW,-9999,,,
NE-WaM,Wankama Millet,Bernard Cappelaere,13.644017,2.62984816,,CRO,,,28.45,519,Gentle slope (<2 %),125° from N,WSW,-9999,,,
NL-Amd,Amsterdam,Gert-Jan Steeneveld,52.3665,4.8929,1,URB,,CH4-E|CO2-E|H-E|LE-E,10.7,850,Flat,FLAT,SW,0.5,18,,
NL-Ca1,Cabauw,Eddy Moors,51.971,4.927,1,GRA,CarboEuropeIP (EU-FP6)|GHG-Europe (EU-FP7),CO2-E|H-E|LE-E,10,800,,-,W-SW,-9999,,,
NL-Dij,Dijkgraaf,Eddy Moors,51.99206111,5.645944444,1,CRO,CarboEuropeIP (EU-FP6),CO2-E|H-E|LE-E,908,800,Flat,,S-SW,-9999,,,
NL-Haa,Haastrecht,Eddy Moors,52.0036111,4.80555556,1,GRA,,CO2-E|H-E|LE-E,9.8,786,Flat,,W -SW,-9999,,,
NL-Hor,Horstermeer,Ype van der Velde - Geert Hensgens,52.24035,5.071301,1,GRA,CarboEuropeIP (EU-FP6)|IMECC (EU-FP6)|GHG-Europe (EU-FP7),CH4-E|CH4-C|CO2-E|CO2-C|H-E|LE-E|N2O-C,10,800,Flat,,270,-9999,,,
NL-Lan,Langerak,Eddy Moors,51.95360184,4.902900219,1,CRO,,CO2-E|H-E|LE-E,9.8,786,Flat,,W - SW,-9999,,,
NL-Lel,Lelystad,Arjan Hensen,52.52423818,5.551615935,,GRA,,,10,780,,,,-9999,,,
NL-Loo,Loobos,Bart Kruijt,52.16644722,5.74355,1,ENF,EuroFlux (EU-FP4)|CarboEuroFlux (EU-FP5)|CarboEuropeIP (EU-FP6)|IMECC (EU-FP6)|GHG-Europe (EU-FP7),CO2-E|H-E|LE-E,9.8,786,,,W-SW,-9999,,,
NL-Lut,Lutjewad,Eddy Moors,53.39892222,6.356027778,1,CRO,,CO2-E|H-E|LE-E,9.8,800,Flat,,S-SW,-9999,,,
NL-Mol,Molenweg,Eddy Moors,51.65,4.63908333,1,CRO,,CO2-E|H-E|LE-E,9.8,800,Flat,,W-SW,-9999,,,
NL-Re1,Reeuwijk 1,Elmar Veenendaal,51.9,4.5,,GRA,,,,,,,,-9999,,,
NL-Re2,Reeuwijk 2,Elmar Veenendaal,51.9,4.5,,GRA,,,,,,,,-9999,,,
NL-Vre,Vredepeel,Eddy Moors,51.53166667,5.844111111,1,CRO,,CO2-E|H-E|LE-E,9.8,800,Flat,,S-SW,-9999,,,
NL-Waa,Oostwaard,Eddy Moors,52.83159444,4.909122222,1,CRO,,CO2-E|H|LE,9.8,800,,,,-9999,,,
NL-Wgn,Wageningen,Reinder Ronda,51.981,5.619,,GRA,,CO2-E|H-E|LE-E,10.1,860,Flat,FLAT,SW,-9999,,,
NL-Zee,Zeewolde,Eddy Moors,52.33480278,5.372588889,1,CRO,,,9.8,800,,,,-9999,,,
NO-And,Andøya,Daniel P. Rasse,69.14278,16.02222,1,WET,,,3.6,1060,,,,-9999,,,
NO-Fns,Finse,Lena Tallaksen,60.594,7.527,,OSH,,CO2-E|H-E|LE-E,NULL,,NULL,NULL,NULL,-9999,,,
NO-Hur,Hurdal,Holger Lange,60.37163292,11.07948988,1,,,,,,,,,-9999,,,
PA-SPn,Sardinilla Plantation,Nina Buchmann| Sebastian Wolf,9.318139833,-79.6346,-5,DBF,Agroforestry Panama|North-South Centre of ETH Zurich,CO2-E|H-E|LE-E,26.5,2350,Undulated/Variable,FLAT,,-9999,0,,
PA-SPs,Sardinilla-Pasture,Nina Buchmann| Sebastian Wolf,9.313779833,-79.63142983,-5,GRA,Agroforestry Panama|North-South Centre of ETH Zurich,CO2-E|H-E|LE-E,26.5,2350,Gentle slope (<2 %),S,,-9999,0,,
PH-RIf,Philippines Rice Institute flooded,Ma. Carmelita Alberto,14.14119,121.26526,8,CRO,IRRI,CH4-E|CO2-E|H-E|H2O-E|LE-E,27.5,2112,Gentle slope (<2 %),NE,NE,-9999,0,,
PH-RIn,Philippines Rice Institute not-flooded,Ma. Carmelita Alberto,14.14503,121.26094,8,CRO,IRRI,,27.5,2075,,,,-9999,,,
PL-Ans,Annoslaw,Wlodzimierz Pawlak,51.750319,20.41762,,CRO,,CO2-E|H-E|LE-E,NULL,,Flat,NULL,NULL,-9999,,,
PL-Bdg,Bydgoszcz,Tymoteusz Bolewski,53,17.96,,GRA,,CH4-C|CO2-C|N2O,8.4,512,Flat,,,0.62,,,
PL-Brd,Brody,Radoslaw Juszczak,52.434181,16.299523,1,CRO,GHG-Europe (EU-FP7),CH4-C|CO2-E|CO2-C|LE-E|N2O-C,8.3,536,Flat,,W,166,40,,
PL-Kpt,Kopytkowo,Krzysztof Fortuniak,53.591854,22.892385,,WET,,CH4-E|CO2-E|H-E|H2O-E|LE-E,7,595,Flat,FLAT,SW,-9999,,,
PL-Krk,Krakow,Miroslaw Zimnoch,50.067021,19.912977,,URB,,CO2-E|H-E|LE-E,NULL,,Flat,NULL,WSW,-9999,,,
PL-Lz1,Lodz1,Wlodzimierz Pawlak,51.762514,19.445326,,URB,,CH4-E|CO2-E|H-E|LE-E,NULL,,Flat,NULL,NULL,-9999,,,
PL-Lz2,Lodz2,Wlodzimierz Pawlak,51.773307,19.480993,,URB,,CO2-E|H-E|LE-E,NULL,,Flat,NULL,NULL,-9999,,,
PL-Lz3,Lodz3,Wlodzimierz Pawlak,51.800143,19.411944,,URB,,CH4-E|CO2-E|H-E|LE-E,NULL,,Flat,NULL,NULL,-9999,,,
PL-Pol,Polana,Mindáš Jozef,48.63333333,19.53333333,,,,,5.5,860,,,,-9999,,,
PL-Tcz,Tuczno,Marek Urbaniak,53.19295,16.09748333,1,ENF,,,9,573,4,280,200,10,50,,
PL-wet,Rzecin (PolWet),Bogdan H. Chojnicki,52.7623,16.3095,1,WET,CarboEuropeIP (EU-FP6)|GHG-Europe (EU-FP7),CO2-E|H-E|H2O-E,8.5,526,Flat,FLAT,W,-9999,,,
PL-Wlw,Wieclawice,Tymoteusz Bolewski,52.84,18.31,,CRO,,CO2-C,8.5,500,Flat,,,-9999,,,
PT-Cor,Coruche,Filipe Costa e Silva,39.13841389,-8.33268889,,EBF,IMECC (EU-FP6),CO2-E|H-E|LE-E,15.9,680,,,NE,-9999,,,
PT-Esp,Espirra,Gabriel Pita,38.63940048,-8.601799965,,EBF,CarboEuroFlux (EU-FP5)|CarboEuropeIP (EU-FP6),,16,709,,,,-9999,,,
PT-Mi1,Mitra II (Evora),Joao Santos Pereira,38.54063889,-8.000055556,,EBF,CarboEuroFlux (EU-FP5)|CarboEuropeIP (EU-FP6),,15.4,665,,,,-9999,,,
PT-Mi2,Mitra IV (Tojal),Casimiro Pio,38.47650146,-8.024550438,,GRA,CarboEuropeIP (EU-FP6),,15.4,665,Gentle slope (<2 %),S,NW,-9999,,,
RU-Ch2,Cherski reference,Mathias Goeckede,68.61689,161.35089,11,WET,,CH4-E/C|CO2-E/C|H-E|LE-E,-12.5,200,Flat,,150,-9999,,,
RU-Che,Cherski,Lutz Merbold| Mathias Goeckede,68.61304,161.34143,11,WET,TCOS Siberia (EU-FP5),CH4-E|CO2-E|H-E|LE-E,-11,197,Flat,FLAT,150,-9999,,,
RU-Cok,Chokurdakh,Ype van der Velde - Geert Hensgens,70.82913889,147.4942778,11,OSH,TCOS Siberia (EU-FP5),CH4-C|CO2-E|H-E|LE-E,-14.3,232,Flat,,,-9999,250,,
RU-Fy2,Fyodorovskoye dry spruce stand,Andrej Varlagin,56.447603,32.901878,3,ENF,RSF, project 21-14-00209,CH4-E|CO2-E|H-E|LE-E,3.9,711,Gentle slope (<2 %),,NW,1,100,
RU-Fy3,Fyodorovskoye Clear-cut,Vadim Mamkin,56.4435,33.0478,3,ENF,State assignment FFER-2022-0002,CO2-E|H-E|H2O-E|LE-E,5.3,955,Hilltop,FLAT,S,-9999,100,,
RU-Fy4,Fyodorovskoye bog,Julia Kurbatova,56.4727,33.0413,,WET,,CO2-E|H-E|LE-E,5.7,778,Flat,FLAT,SW,0.2,100,,
RU-Fyo,Fyodorovskoye,Andrej Varlagin,56.4615278,32.9220833,3,ENF,RSF, project 21-14-00209|TCOS Siberia (EU-FP5),Aerosols|CH4-C|CO2-E|H-E|LE-E|N2O-C,3.9,711,Flat,FLAT,NW,0.2,100,
RU-Ha1,Hakasia steppe,Dario Papale| Luca Belelli,54.72517,90.00215,7,GRA,TCOS Siberia (EU-FP5),CO2-E|H-E|LE-E,,,,,,-9999,,,
RU-Ha2,Hakasia 5yr,Dario Papale| Luca Belelli,54.77301,89.95664,7,GRA,TCOS Siberia (EU-FP5),CO2-E|H-E|LE-E,,,,,,-9999,,,
RU-Ha3,Hakasia 10 yr,Dario Papale| Luca Belelli,54.70455,90.07785,7,GRA,TCOS Siberia (EU-FP5),CO2-E|H-E|LE-E,,,,,,-9999,,,
RU-Krg,Kurungnakh,Torsten Sachs,72.298333,126.173333,,WAT,,CH4-E|CO2-E|H-E|LE-E,-12.5,,Flat,FLAT,NULL,-9999,,,
RU-KsC,Kaskara Crop,Elisa Fleischer,57.25146,65.96931,,CRO,,CH4-E|CO2-E|H-E|LE-E,2.5,480,Flat,W,NW,1,160,,
RU-KsG,Kaskara Grass,Elisa Fleischer,57.2528,65.99321,,GRA,,CH4-E|CO2-E|H-E|LE-E,2.5,480,Flat,W,NW,1,160,,
RU-Ndm,Nadym,Goncharova Olga,65.185,72.525,,GRA,,CH4-C|CO2-C,,,,,,-9999,,,
RU-Sam,Samoylov,Lars Kutzbach,72.3738,126.4958,9,GRA,,CH4-E/C|CO2-E/C|H-E|H2O-E|LE-E,,,Flat,FLAT,S,-9999,220,,
RU-SkP,Yakutsk Spasskaya Pad larch,Trofim Maximov,62.255,129.168,9,DNF,,CO2-E/C|H-E|LE-E,,,,,,-9999,,,
RU-Tks,Tiksi,Mika Aurela,71.594267,128.887817,9,GRA,,CH4-E|CO2-E|H-E|LE-E,-12.7,323,Gentle slope (<2 %),S,,-9999,235,,
RU-UPo,Ust Pojeg,Lars Kutzbach Martin Wilmking,61.93412778,50.22690278,,ENF,,,1.2,587.1,,,,-9999,,,
RU-Uts,Uteshevo,Elisa Fleischer,57.154907,65.343002,,GRA,,CH4-E|CO2-E|H-E|LE-E,2.5,480,Flat,W,W,-9999,160,,
RU-Vrk,Seida/Vorkuta,Thomas Friborg| Christina Biasi,67.05467987,62.94046783,3,CSH,,CH4-E/C|CO2-E/C|Isotopes-C|N2O-C,-5.6,501,,,270,0.5,245,,
RU-Ypn,Yakutsk Pine,Martin Heimann,62.2414,129.6506,,DNF,,,,,,,,-9999,,,
RU-Zbo,Zotino Bog,Martin Heimann,60.75,89.3833,,ENF,,,,,,,,-9999,,,
RU-Zfw,Zotino forest West,Martin Heimann,60.75,89.3833,,ENF,,,,,,,,-9999,,,
RU-Zot,Zotino,Corinna Rebmann ,60.80080032,89.35079956,7,WSA,TCOS Siberia (EU-FP5),,,,,,,-9999,,,
SD-Dem,Demokeya,Jonas Ardo| Eltahir Bashir,13.2829,30.4783,3,SAV,CarboAfrica (EU-FP6),,26,320,,,,-9999,,,
SE-Asa,Asa,Leif Klemedtsson,57.17226111,14.8001,,ENF,,,5.5,688,,,,-9999,,,
SE-Deg,Degero,Mats Nilsson,64.182029,19.556539,1,WET,CarboEuropeIP (EU-FP6),CH4-E/C|CO2-E|H-E|LE-E,1.2,523,,,,-9999,,,
SE-Ers,Erssjön,Per Weslien,58.37112,12.16125,,WAT,,CH4-E|CO2-E|H-E|LE-E,6.9,980,Flat,FLAT,SW,0,60,,
SE-Faj,Fäjemyr,Magnus Lund,56.26546944,13.55351389,1,WET,,CH4|CO2-E|CO2-C|H-E|LE-E,6.2,700,,,,-9999,,,
SE-Fla,Flakaliden,Anders Lindroth,64.11277777,19.45694444,1,ENF,EuroFlux (EU-FP4)|CarboEuroFlux (EU-FP5),,1.9,587,,,,-9999,,,
SE-Fos,Följesjön,Per Weslien,58.37577,12.15399,,WET,,CH4-E|CO2-E|H-E|LE-E,6.9,980,Valley,FLAT,SW,0.1,60,,
SE-Htm,Hyltemossa,Michal Heliasz,56.09763,13.41897,1,ENF,,CO2-E|H-E|H2O-E|LE-E,7.4,707,,,,-9999,,,
SE-Kno,Knottåsen,Anders Lindroth,60.99825,16.21727778,1,ENF,CarboEuropeIP (EU-FP6),,3.4,613,,,,-9999,,,
SE-Lnn,Lanna,Leif Klemedtsson| Per Weslien,58.34062958,13.10176754,1,CRO,,CO2-E|H-E|LE-E|N2O-E,6,558,Flat,FLAT,SW,1,75,,
SE-Myc,Mycklemossen,Per Weslien,58.36503,12.1694,,WET,,CH4-E|CO2-E|H-E|LE-E,6.9,980,Flat,FLAT,SW,0.1,60,,
SE-Nor,Norunda,Anders Lindroth| Meelis Mölder,60.08649722,17.47950278,1,ENF,CarboEuropeIP (EU-FP6)|IMECC (EU-FP6)|EuroFlux (EU-FP4)|CarboEuroFlux (EU-FP5)|ICOS Sweden,,5.5,527,,,,-9999,,,
SE-Oes,Oestergarnsholm,Anna Rutgersson,57.4301,18.98415,,WAT,,CO2-E|H-E|LE-E,7,383,Flat,SSE,SW,-9999,,,
SE-Ros,Rosinedal-3,Matthias Peichl,64.1725,19.738,1,ENF,,CO2-E|H-E|LE-E,1.8,614,Flat,FLAT,WNW,2,150,,
SE-Sgr,Skogaryd,Per Weslien,58.36387,12.14983,,ENF,,CO2-E|H-E|LE-E,6.9,980,"Medium Slope (>2 %, <5%)",W,SW,0.5,60,,
SE-Sk1,Skyttorp 1,Achim Grelle,60.125,17.91805556,1,ENF,CarboEuropeIP (EU-FP6),,5.5,527,Gentle slope (<2 %),,SE,-9999,,,
SE-Sk2,Skyttorp 2,Anders Lindroth,60.12966667,17.84005556,1,ENF,CarboEuropeIP (EU-FP6),,5.5,527,,,SE,-9999,,,
SE-St1,Stordalen grassland,Joachim Jansen| Thomas Friborg,68.3541488,19.050333,1,WET,,CH4-E|CO2-E|H-E|H2O-E|LE-E,-0.7,303.3,Undulated/Variable,FLAT,ESE,-9999,175,,
SE-St2,Stordalen forest,Anders Lindroth,68.35424444,19.04714444,,DBF,,,-0.8,299,,,,-9999,,,
SE-Sto,Stordalen Palsa Bog (ICOS),Erik Lundin,68.35594288,19.04520892,1,WET,,CH4-E|CO2-E|H-E|LE-E,-0.14,322,,,,-9999,,,
SE-Svb,Svartberget,Matthias Peichl,64.25611,19.7745,1,ENF,,CO2-E|H-E|H2O|LE-E,1.8,614,Significant Slope (7%),SE,SW,-9999,168,,
SG-TKr,Telok Kurau,Matthias Roth,1.314294,103.911197,,URB,,CO2-E|H-E|LE-E,27,2340,Flat,FLAT,NULL,-9999,0,,
SJ-Adv,Adventdalen,Torben Christensen,78.186,15.923,1,WET,,CH4-C|CO2-E/C|H-E|LE-E,,,Flat,,,-9999,240,,
SJ-Blv,Bayelva Spitsbergen,Julia Boike,78.92163086,11.83108521,1,BSV,,CO2-E|H-E|H2O-E|LE-E,-4.5,400,"Medium Slope (>2 %, <5%)",S,ESE,-9999,295,,
SK-Ta1,Tatra Jamy,Dario Papale,49.15833333,20.26111111,1,ENF,CarboEuropeIP (EU-FP6),,,,,,,-9999,,,
SK-Ta2,Tatra Vysne Hagy,Dario Papale,49.12638889,20.10777778,1,ENF,CarboEuropeIP (EU-FP6),,,,,,,-9999,,,
SK-Tat,Tatra Danielov Dom,Dario Papale,49.1207778,20.1635,1,ENF,CarboEuropeIP (EU-FP6),,,,,,,-9999,,,
SN-Dhr,Dahra,Torbern Tagesson,15.40278,-15.43222,,SAV,,CO2-E|H-E|LE-E,29,404,Flat,,200,-9999,,,
SN-Nkr,Niakhar,Olivier Roupsard,14.49581,-16.45357,,CRO,,CO2-E|H-E|H2O-E|LE-E,26.95,578,Flat,FLAT,NE,10,0,,
UA-Pet,Petrodolinskoe,Medinets Volodymyr,46.45614,30.33609,2,CRO,,,10.1,464,,,,-9999,,,
UG-Jin,Jinja,Matthew Saunders ,0.4,33.18333333,3,WET,,,23,1500,,,,-9999,,,
UK-AMo,Auchencorth Moss,Eiko Nemitz,55.792546,-3.2436918,,WET,CarboEuropeIP (EU-FP6),,7.4,900,Gentle slope (<2 %),,SW,-9999,,,
UK-Arn,Arnol,Rebekka Artz,58.322834,-6.600454,,WET,,CH4-E|CO2-E|H-E|LE-E,NULL,,NULL,NULL,NULL,-9999,,,
UK-Bam,Balmoral,Rebekka Artz,56.93,-3.16,,WET,,CH4-E|CO2-E|H-E|LE-E,NULL,,Gentle slope (<2 %),SW,SW,-9999,,,
UK-BBB,Bishop's Burton Bioenergy,Ross Morrison,53.86104,-0.4909216,,CRO,,CO2-E|H-E|LE-E,NULL,,Valley,S,SW,-9999,,,
UK-BBC,Bishop's Burton Cropland,Ross Morrison,53.86088,-0.4865083,,CRO,,CO2-E|H-E|LE-E,NULL,,Gentle slope (<2 %),S,SW,-9999,,,
UK-BnB,Ballynahone Bog,Ross Morrison,54.82326,-6.669835,,WET,,CH4-E|CO2-E|H-E|LE-E,9.9,825,Gentle slope (<2 %),NULL,SW,0.05,,,
UK-BtB,Beltie Burn,Mhairi Coyle,57.09048056,-2.597247222,,WET,,CH4-C|CO2-C,NULL,,Valley,FLAT,NULL,-9999,,,
UK-CLs,Cross Lochs,Pete Levy,58.370674,-3.9639542,,WET,,CH4-E|CO2-E|H-E|LE-E,NULL,,NULL,NULL,NULL,-9999,,,
UK-Cst,Cockshutts,Ross Morrison,53.84995,-2.773793,,CRO,,CO2-E|H-E|LE-E,NULL,,Flat,FLAT,SW,-9999,,,
UK-Dke,Dyke,Rebekka Artz,58.427264,-3.968809,,WET,,CH4-E|CO2-E|H-E|LE-E,NULL,,NULL,NULL,NULL,-9999,,,
UK-DkF,Dyke-FIRE,Rebekka Artz,58.431141,-3.9702661,,WET,,CH4-E|CO2-E|H-E|LE-E,NULL,,NULL,NULL,NULL,-9999,,,
UK-EBu,Easter Bush,Marc Sutton,55.866,-3.205777778,,GRA,CarboEuropeIP (EU-FP6)|GreenGrass (EU-FP5),,8,890,Gentle slope (<2 %),‘ from N,SW,-9999,,,
UK-Ech,Elchies,Rebekka Artz,57.505657,-3.3087757,,WET,,CH4-E|CO2-E|H-E|LE-E,NULL,,NULL,NULL,NULL,-9999,,,
UK-EHd,East Hendred Control,Ross Morrison,51.583199,-1.322469,,CRO,,CO2-E|H-E|LE-E,-1.322469,,Gentle slope (<2 %),S,SW,-9999,,,
UK-ESa,East Saltoun,John Moncrieff,55.9069444,-2.85861111,,CRO,CarboEuropeIP (EU-FP6),,8.5,600,,,SW,-9999,,,
UK-GaB,Garry Bog,Ross Morrison,55.10994,-6.529928,,WET,,CH4-E|CO2-E|H-E|LE-E,9.9,825,Flat,FLAT,WSW,0.1,,,
UK-Gnn,Glenullin,Ross Morrison,54.96185,-6.760763,,WET,,CH4-E|CO2-E|H-E|LE-E,9.9,825,Gentle slope (<2 %),NNE,WSW,0.1,,,
UK-Gri,Griffin,John Moncrieff,56.6072222,-3.79805556,,ENF,EuroFlux (EU-FP4)|CarboEuroFlux (EU-FP5)|CarboEuropeIP (EU-FP6)|IMECC (EU-FP6),,8.2,1200,"Significant Slope (>5%, <10%)",,,-9999,,,
UK-Gst,Girlsta,Rebekka Artz,60.230296,-1.240111,,WET,,CH4-E|CO2-E|H-E|LE-E,NULL,,NULL,NULL,NULL,-9999,,,
UK-GtF,Great Fen,Ross Morrison,52.470689,-0.192668,,GRA,,CO2-E|H-E|LE-E,10,535,Flat,FLAT,SW,1.3,3,,
UK-Gwr,Glenwherry,Ross Morrison,54.85464,-5.988278,,WET,,CH4-E|CO2-E|H-E|LE-E,9.9,825,Undulated/Variable,SSW,WSW,0.1,,,
UK-Ham,Hampshire,Matthew Wilkinson,51.153533,-0.8583,,DBF,CarboEuropeIP (EU-FP6),CO2-E|H-E|LE-E,9.6,779,,-,225,-9999,,,
UK-Har,Harwood,John Grace,55.21272222,-2.037527777,,ENF,CarboEuropeIP (EU-FP6),,9,950,,,,-9999,,,
UK-Her,Hertfordshire,Keith Goulding,51.78379822,-0.47608,,CRO,CarboEuropeIP (EU-FP6),,,695,,,,-9999,,,
UK-LBT,London_BT,Carole Helfter,51.5215,-0.1389,,URB,,CH4-E|CO2-E|H-E|LE-E|O3-E,11.3,592,,,225,-9999,16,,
UK-Lns,Lonielist,Rebekka Artz,58.391024,-3.765051,,WET,,CH4-E|CO2-E|H-E|LE-E,NULL,,NULL,NULL,NULL,-9999,,,
UK-MrH,Moor House,Ross Morrison,54.695035,-2.388234,,WET,,CO2-E|H-E|LE-E,NULL,,Undulated/Variable,SE,SW,-9999,,,
UK-Myg,Myerscough,Ross Morrison,53.854618,-2.779574,,GRA,,CO2-E|H-E|LE-E,NULL,,Flat,FLAT,SW,-9999,,,
UK-PL1,Pang/Lambourne crop,Richard Harding,51.53329849,-1.483330011,,CRO,,,9.2,800,,,,-9999,,,
UK-PL2,Pang/Lambourne grassland,Richard Harding,51.43330002,-1.233330011,,GRA,,,9.2,800,,,,-9999,,,
UK-PL3,Pang/Lambourne forest,Richard Harding,51.45,-1.266666667,,DBF,CarboEuropeIP (EU-FP6),,9.2,800,"Medium Slope (>2 %, <5%)",to south,WSW,-9999,,,
UK-Png,Penglais_EC1,Jon McCalmont,52.422332,-4.068402,,CRO,,CO2-E|H-E|LE-E,10.1,1074.7,"Medium Slope (>2 %, <5%)",SSW,SSW,-9999,0,,
UK-Po1,Pollybell GGR1,Ross Morrison,53.45704,-0.9139667,,GRA,,CH4-E|CO2-E|H-E|LE-E,NULL,,Flat,FLAT,SW,0.5,,,
UK-Po2,Pollybell GGR2,Ross Morrison,53.45905,-0.9082767,,GRA,,CO2-E|H-E|LE-E,NULL,,Flat,FLAT,SW,0.5,,,
UK-Po3,Pollybell GGR3,Ross Morrison,53.45659,-0.910275,,GRA,,CH4-E|CO2-E|H-E|LE-E,NULL,,Flat,FLAT,SW,0.5,,,
UK-Pob,Pollybell,Ross Morrison,53.430831,-0.922198,,CRO,,CO2-E|H-E|LE-E|N2O-E,10.2,616,Flat,FLAT,SW,1,,,
UK-Rdm,Redmere 2,Ross Morrison,52.442948,0.419533,,CRO,,CO2-E|H-E|LE-E,NULL,,Flat,FLAT,SW,1.5,,,
UK-Rsh,Riseholme,Ross Morrison,53.25981,-0.5257917,,CRO,,CO2-E|H-E|LE-E,NULL,,Gentle slope (<2 %),S,SW,-9999,,,
UK-Stm,Stretham,Ross Morrison,52.331415,0.224473,,CRO,,CO2-E|H-E|LE-E|N2O-E,10.7,535,Flat,NULL,SW,0.5,2,,
UK-Swt,Sawtry,Ross Morrison,52.435915,-0.259556,,CRO,,CO2-E|H-E|LE-E,NULL,,Flat,FLAT,SW,0.68,3,,
UK-Tad,Tadham Moor,Richard Harding,51.20709991,-2.828639984,,GRA,CarboEuroFlux (EU-FP5),,11.1,,,,,-9999,,,
UK-WdC,Waddesdon Control,Ross Morrison,51.82715,-0.948449,,CRO,,CO2-E|H-E|LE-E,-0.948449,,Undulated/Variable,FLAT,SW,-9999,,,
UK-Wdd,Waddesdon,Ross Morrison,51.830757,-0.950881,,CRO,,CO2-E|H-E|LE-E,NULL,,Flat,FLAT,SW,-9999,,,
UK-Wot,Woodwalton,Ross Morrison,52.459926,-0.184811,,GRA,,CO2-E|H-E|LE-E,10,535,Flat,FLAT,SW,1,3,,
UK-WsL,West Lochhills,Rebekka Artz,57.582244,-1.9821112,,GRA,,CH4-E|CO2-E|H-E|LE-E,NULL,,Undulated/Variable,FLAT,SW,1,,,
ZA-Kru,Skukuza,Azwitamisi Mudau,-25.0197,31.4969,2,SAV,CarboAfrica (EU-FP6),,21.9,547,,,SE,-9999,,,
ZA-Map,Malopeni,Azwitamisi Mudau,-23.83254,31.21436,2,SAV,CarboAfrica (EU-FP6),,22.2,458,,,,-9999,,,
ZA-Wgn,Welgegund,Lauri Laakso,-26.56944444,26.93916667,,GRA,,,16,520,,,,-9999,,,
ZM-Mon,Mongu,Werner Kutsch,-15.4391,23.2525,2,DBF,CarboAfrica (EU-FP6),,25,945,Flat,,,-9999,,,