sitename,lat,lon,elv,date_start,date_end,product,koeppen_code,year_end,year_start,koeppen_code_beck,whc,igbp_land_use,data_path
SE-Nor,60.0865,17.479504,45,2014-01-01,2020-12-31,icos,Dfb,2020,2014,Dfb,295.938995361328,Evergreen Needleleaf Forest,data-raw/flux_data/
BE-Bra,51.30761,4.51984,16,1996-01-01,2020-12-31,icos,Cfb,2020,1996,Cfb,425.602996826172,Mixed Forest,data-raw/flux_data/
BE-Lcr,51.11218,3.85043,6.25,2019-01-01,2020-12-31,icos,Cfb,2020,2019,Cfb,321.834991455078,Croplands,data-raw/flux_data/
BE-Lon,50.55162,4.746234,170,2004-01-01,2020-12-31,icos,Cfb,2020,2004,Cfb,441.085998535156,Croplands,data-raw/flux_data/
BE-Maa,50.97987,5.631851,87,2016-01-01,2020-12-31,icos,Cfb,2020,2016,Cfb,314.752014160156,Savannas,data-raw/flux_data/
BE-Vie,50.304962,5.998099,490,1996-01-01,2020-12-31,icos,Dfb,2020,1996,Dfb,395.394012451172,Mixed Forest,data-raw/flux_data/
DE-Geb,51.09973,10.91463,161.5,2001-01-01,2020-12-31,icos,Dfb,2020,2001,Dfb,358.447998046875,Croplands,data-raw/flux_data/
DE-Gri,50.95004,13.51259,385,2004-01-01,2020-12-31,icos,Dfb,2020,2004,Dfb,392.226013183594,Savannas,data-raw/flux_data/
DE-Hai,51.079407,10.452089,438.7,2000-01-01,2020-12-31,icos,Dfb,2020,2000,Dfb,358.447998046875,Deciduous Broadleaf Forest,data-raw/flux_data/
DE-HoH,52.08656,11.22235,193,2015-01-01,2020-12-31,icos,Dfb,2020,2015,Dfb,392.226013183594,Mixed Forest,data-raw/flux_data/
DE-Kli,50.89306,13.52238,478,2004-01-01,2020-12-31,icos,Dfb,2020,2004,Dfb,392.226013183594,Croplands,data-raw/flux_data/
DE-RuR,50.621914,6.304126,514.7,2011-01-01,2020-12-31,icos,Dfb,2020,2011,Dfb,395.394012451172,Savannas,data-raw/flux_data/
DE-RuS,50.865906,6.4471445,103.2,2011-01-01,2020-12-31,icos,Cfb,2020,2011,Cfb,365.467010498047,Urban and Built-Up,data-raw/flux_data/
DE-RuW,50.50493,6.3309627,610,2012-01-01,2020-12-31,icos,Dfb,2020,2012,Dfb,395.394012451172,Evergreen Needleleaf Forest,data-raw/flux_data/
DE-Tha,50.96256,13.56515,380,1996-01-01,2020-12-31,icos,Dfb,2020,1996,Dfb,392.226013183594,Mixed Forest,data-raw/flux_data/
IT-Cp2,41.704266,12.357293,19,2012-01-01,2020-12-31,icos,Csa ,2020,2012,Csa ,380.264007568359,Evergreen Broadleaf Forest,data-raw/flux_data/
IT-MBo,46.01468,11.045831,1550,2003-01-01,2020-12-31,icos,Dfb,2020,2003,Dfb,371.638000488281,Grasslands,data-raw/flux_data/
IT-Ren,46.58686,11.43369,1735.6,1999-01-01,2020-12-31,icos,Dfc,2020,1999,Dfc,339.420013427734,Evergreen Needleleaf Forest,data-raw/flux_data/
IT-Tor,45.84444,7.578055,2168,2008-01-01,2020-12-31,icos,Dfc,2020,2008,Dfc,485.790008544922,Grasslands,data-raw/flux_data/
SE-Deg,64.18203,19.55654,270,2001-01-01,2020-12-31,icos,Dfc,2020,2001,Dfc,221.938003540039,Woody Savannas,data-raw/flux_data/
CZ-BK1,49.502075,18.536882,875,2004-01-01,2020-12-31,icos,Dfb,2020,2004,Dfb,401.579010009766,Evergreen Needleleaf Forest,data-raw/flux_data/
CZ-Lnz,48.68155,16.946331,150,2015-01-01,2020-12-31,icos,Dfb,2020,2015,Dfb,493.114013671875,Deciduous Broadleaf Forest,data-raw/flux_data/
CH-Dav,46.81533,9.85591,1689,1997-01-01,2020-12-31,icos,Dfc,2020,1997,Dfc,485.790008544922,Woody Savannas,data-raw/flux_data/
FI-Sii,61.83265,24.19285,160,2016-01-01,2020-12-31,icos,Dfc,2020,2016,Dfc,384.242004394531,Woody Savannas,data-raw/flux_data/
FR-Aur,43.54965,1.106103,250,2005-01-01,2020-12-31,icos,Cfa,2020,2005,Cfa,405.234008789062,Croplands,data-raw/flux_data/
FR-Fon,48.476357,2.780096,103,2005-01-01,2020-12-31,icos,Cfb,2020,2005,Cfb,379.950012207031,Mixed Forest,data-raw/flux_data/
FR-Gri,48.84422,1.95191,125,2004-01-01,2020-12-31,icos,Cfb,2020,2004,Cfb,405.234008789062,Croplands,data-raw/flux_data/
FR-Hes,48.6741,7.06465,310,2014-01-01,2020-12-31,icos,Cfb,2020,2014,Cfb,365.252014160156,Deciduous Broadleaf Forest,data-raw/flux_data/
SE-Htm,56.09763,13.41897,115,2015-01-01,2020-12-31,icos,Dfb,2020,2015,Dfb,404.578002929688,Evergreen Needleleaf Forest,data-raw/flux_data/
SE-Svb,64.25611,19.7745,267,2014-01-01,2020-12-31,icos,Dfc,2020,2014,Dfc,221.938003540039,Evergreen Needleleaf Forest,data-raw/flux_data/
FI-Ken,67.98721,24.24301,347,2018-01-01,2020-12-31,icos,Dfc,2020,2018,Dfc,221.938003540039,Woody Savannas,data-raw/flux_data/
FI-Var,67.7549,29.61,395,2016-01-01,2020-12-31,icos,Dfc,2020,2016,Dfc,364.5830078125,Savannas,data-raw/flux_data/
FR-FBn,43.24079,5.67865,436,2008-01-01,2020-12-31,icos,Csa ,2020,2008,Csa ,432.375,Evergreen Needleleaf Forest,data-raw/flux_data/
IT-SR2,43.73202,10.29091,4,2013-01-01,2020-12-31,icos,Csa ,2020,2013,Csa ,387.377014160156,Evergreen Needleleaf Forest,data-raw/flux_data/
GF-Guy,5.2787,-52.9248,40,2004-01-01,2020-12-31,icos,Am,2020,2004,Am,444.321014404297,Evergreen Broadleaf Forest,data-raw/flux_data/
FI-Hyy,61.84741,24.29477,181,1996-01-01,2020-12-31,icos,Dfc,2020,1996,Dfc,384.242004394531,Evergreen Needleleaf Forest,data-raw/flux_data/
DE-Hzd,50.96381,13.48978,395,2010-01-01,2020-12-31,icos,Dfb,2020,2010,Dfb,392.226013183594,Mixed Forest,data-raw/flux_data/
IT-Lsn,45.740482,12.750297,1,2016-01-01,2020-12-31,icos,Cfa,2020,2016,Cfa,364.640014648438,Croplands,data-raw/flux_data/
BE-Dor,50.31135,4.968591,247,2011-01-01,2020-12-31,icos,Cfb,2020,2011,Cfb,408.60400390625,Croplands,data-raw/flux_data/
FR-LGt,47.322918,2.284102,153,2017-01-01,2020-12-31,icos,Cfb,2020,2017,Cfb,405.234008789062,Mixed Forest,data-raw/flux_data/
FR-Tou,43.572857,1.37474,158,2018-01-01,2020-12-31,icos,Cfa,2020,2018,Cfa,402.983001708984,Urban and Built-Up,data-raw/flux_data/
DK-Gds,56.0737,9.3341,86,2020-01-01,2020-12-31,icos,Dfb,2020,2020,Dfb,425.602996826172,Evergreen Needleleaf Forest,data-raw/flux_data/
GL-Dsk,69.25349,-53.51413,8,2020-01-01,2020-12-31,icos,ET,2020,2020,ET,409.380004882812,Grasslands,data-raw/flux_data/
CA-Ca1,49.8673,-125.3336,300,1996-01-01,2010-12-31,oneflux,Cfb,2010,1996,Cfb,318.381011962891,Evergreen Needleleaf Forest,data-raw/flux_data/
CA-Ca2,49.8705,-125.2909,300,1999-01-01,2010-12-31,oneflux,Cfb,2010,1999,Csb ,318.381011962891,Evergreen Needleleaf Forest,data-raw/flux_data/
CA-Ca3,49.5346,-124.9004,NA,2000-01-01,2020-12-31,oneflux,Cfb,2020,2000,Csb ,417.980010986328,Evergreen Needleleaf Forest,data-raw/flux_data/
CA-Cbo,44.3167,-79.9333,120,1994-01-01,2020-12-31,oneflux,Dfb,2020,1994,Dfb,273.378997802734,Mixed Forest,data-raw/flux_data/
CA-SF2,54.2539,-105.8775,520,2001-01-01,2006-12-31,oneflux,Dfc,2006,2001,Dfc,294.265014648438,Evergreen Needleleaf Forest,data-raw/flux_data/
CA-TP4,42.7102,-80.3574,184,2002-01-01,2017-12-31,oneflux,Dfb,2017,2002,Dfb,393.989013671875,Mixed Forest,data-raw/flux_data/
US-AR1,36.4267,-99.42,611,2009-01-01,2012-12-31,oneflux,Dsa,2012,2009,Cfa,424.798004150391,Grasslands,data-raw/flux_data/
US-AR2,36.6358,-99.5975,646,2009-01-01,2012-12-31,oneflux,Dsa,2012,2009,Cfa,424.798004150391,Grasslands,data-raw/flux_data/
US-ARM,36.6058,-97.4888,314,2003-01-01,2021-12-31,oneflux,Cfa,2021,2003,Cfa,479.739990234375,Croplands,data-raw/flux_data/
US-Bar,44.0646,-71.2881,272,2004-01-01,2017-12-31,oneflux,Dfb,2017,2004,Dfb,329.549987792969,Deciduous Broadleaf Forest,data-raw/flux_data/
US-Bi1,38.0992,-121.4993,-2.7,2016-01-01,2021-12-31,oneflux,Csa,2021,2016,Csa ,807.400024414062,Croplands,data-raw/flux_data/
US-Bi2,38.1091,-121.5351,-5,2017-01-01,2021-12-31,oneflux,Csa,2021,2017,Csa ,398.067993164062,Croplands,data-raw/flux_data/
US-CRT,41.6285,-83.3471,180,2011-01-01,2013-12-31,oneflux,Dfa,2013,2011,Dfa,396.234985351562,Croplands,data-raw/flux_data/
US-Dk1,35.9712,-79.0934,168,2001-01-01,2008-12-31,oneflux,Cfa,2008,2001,Cfa,417.290008544922,Deciduous Broadleaf Forest,data-raw/flux_data/
US-Dk2,35.9736,-79.1004,168,2001-01-01,2008-12-31,oneflux,Cfa,2008,2001,Cfa,417.290008544922,Deciduous Broadleaf Forest,data-raw/flux_data/
US-Dk3,35.9782,-79.0942,163,2001-01-01,2008-12-31,oneflux,Cfa,2008,2001,Cfa,417.290008544922,Mixed Forest,data-raw/flux_data/
US-Fmf,35.1426,-111.7273,2160,2005-01-01,2010-12-31,oneflux,Csb,2010,2005,Dsb,453.834991455078,Savannas,data-raw/flux_data/
US-Fuf,35.089,-111.762,2180,2005-01-01,2010-12-31,oneflux,Csb,2010,2005,Dsb,453.834991455078,Grasslands,data-raw/flux_data/
US-Ho1,45.2041,-68.7402,60,1995-01-01,2020-12-31,oneflux,Dfb,2020,1995,Dfb,302.227996826172,Mixed Forest,data-raw/flux_data/
US-KFS,39.0561,-95.1907,310,2007-01-01,2019-12-31,oneflux,Cfa,2019,2007,Dfa,409.950012207031,Grasslands,data-raw/flux_data/
US-Me2,44.4523,-121.5574,1253,2002-01-01,2021-12-31,oneflux,Csb,2021,2002,Dsb,381.675994873047,Evergreen Needleleaf Forest,data-raw/flux_data/
US-Men,43.0772,-89.403,260,2012-01-01,2018-12-31,oneflux,Dfa,2018,2012,Dfa,385.179992675781,Urban and Built-Up,data-raw/flux_data/
US-Mpj,34.4385,-106.2377,2196,2008-01-01,2021-12-31,oneflux,Bsk,2021,2008,Bsk,357.509002685547,Grasslands,data-raw/flux_data/
US-Oho,41.5545,-83.8438,230,2004-01-01,2013-12-31,oneflux,Dfa,2013,2004,Dfa,405.651000976562,Deciduous Broadleaf Forest,data-raw/flux_data/
US-OWC,41.3795,-82.5125,174,2015-01-01,2016-12-31,oneflux,Dfb,2016,2015,Dfa,374.343994140625,Permanent Wetlands,data-raw/flux_data/
US-Pnp,43.0896,-89.4158,260,2016-01-01,2020-12-31,oneflux,Dfa,2020,2016,Dfa,385.179992675781,Unclassified,data-raw/flux_data/
US-Prr,65.1237,-147.4876,210,2010-01-01,2016-12-31,oneflux,Dwc,2016,2010,Dfc,312.264007568359,Woody Savannas,data-raw/flux_data/
US-Rls,43.1439,-116.7356,1608,2014-01-01,2020-12-31,oneflux,Bsh,2020,2014,Bsk,472.455993652344,Grasslands,data-raw/flux_data/
US-Rms,43.0645,-116.7486,2111,2014-01-01,2020-12-31,oneflux,Bsh,2020,2014,Dsb,424.665985107422,Grasslands,data-raw/flux_data/
US-Ro1,44.7143,-93.0898,290,2004-01-01,2016-12-31,oneflux,Dfa,2016,2004,Dfa,507.196014404297,Croplands,data-raw/flux_data/
US-Ro4,44.6781,-93.0723,274,2014-01-01,2021-12-31,oneflux,Dfa,2021,2014,Dfa,507.196014404297,Croplands,data-raw/flux_data/
US-Ro5,44.691,-93.0576,283,2017-01-01,2021-12-31,oneflux,Dfa,2021,2017,Dfa,507.196014404297,Croplands,data-raw/flux_data/
US-Ro6,44.6946,-93.0578,282,2017-01-01,2021-12-31,oneflux,Dfa,2021,2017,Dfa,507.196014404297,Croplands,data-raw/flux_data/
US-Rws,43.1675,-116.7132,1425,2014-01-01,2020-12-31,oneflux,Bsk,2020,2014,Bsk,472.455993652344,Grasslands,data-raw/flux_data/
US-Seg,34.3623,-106.702,1596,2007-01-01,2021-12-31,oneflux,Bsk,2021,2007,BWk ,351.419006347656,Grasslands,data-raw/flux_data/
US-Ses,34.3349,-106.7442,1604,2007-01-01,2021-12-31,oneflux,Bsk,2021,2007,BWk ,351.419006347656,Open Shrublands,data-raw/flux_data/
US-SRG,31.7894,-110.8277,1291,2008-01-01,2021-12-31,oneflux,Bsk,2021,2008,Bsh,369.858001708984,Grasslands,data-raw/flux_data/
US-Tw1,38.1074,-121.6469,-5,2011-01-01,2020-12-31,oneflux,Csa,2020,2011,Csa ,398.067993164062,Grasslands,data-raw/flux_data/
US-Tw2,38.1047,-121.6433,-5,2012-01-01,2013-12-31,oneflux,Csa,2013,2012,Csa ,398.067993164062,Grasslands,data-raw/flux_data/
US-Tw4,38.1027,-121.6413,-5,2013-01-01,2021-12-31,oneflux,Csa,2021,2013,Csa ,398.067993164062,Grasslands,data-raw/flux_data/
US-Uaf,64.8663,-147.8555,155,2003-01-01,2020-12-31,oneflux,Dwc,2020,2003,Dfc,316.493011474609,Evergreen Needleleaf Forest,data-raw/flux_data/
US-UMB,45.5598,-84.7138,234,2000-01-01,2021-12-31,oneflux,Dfb,2021,2000,Dfb,383.571990966797,Deciduous Broadleaf Forest,data-raw/flux_data/
US-UMd,45.5625,-84.6975,239,2007-01-01,2021-12-31,oneflux,Dfb,2021,2007,Dfb,383.571990966797,Deciduous Broadleaf Forest,data-raw/flux_data/
US-Vcm,35.8884,-106.5321,3030,2007-01-01,2021-12-31,oneflux,Dfb,2021,2007,Dfc,396.127990722656,Grasslands,data-raw/flux_data/
US-Vcp,35.8642,-106.5967,2500,2007-01-01,2021-12-31,oneflux,Dfb,2021,2007,Dfb,396.127990722656,Woody Savannas,data-raw/flux_data/
US-Wjs,34.4255,-105.8615,1931,2007-01-01,2021-12-31,oneflux,Bsk,2021,2007,Bsk,357.509002685547,Grasslands,data-raw/flux_data/
AR-SLu,-33.4648,-66.4598,NA,2009-01-01,2011-12-31,fluxnet2015,Bsk,2011,2009,Bsk,392.471984863281,Open Shrublands,data-raw/flux_data/
AR-Vir,-28.2395,-56.1886,NA,2009-01-01,2012-12-31,fluxnet2015,Cfa,2012,2009,Cfa,465.322998046875,Evergreen Broadleaf Forest,data-raw/flux_data/
AT-Neu,47.1167,11.3175,970,2002-01-01,2012-12-31,fluxnet2015,Dfb,2012,2002,Dfb,415.893005371094,Grasslands,data-raw/flux_data/
AU-ASM,-22.283,133.249,NA,2010-01-01,2014-12-31,fluxnet2015,BWh ,2014,2010,BWh ,374.071990966797,Closed Shrublands,data-raw/flux_data/
AU-Ade,-13.0769,131.1178,NA,2007-01-01,2009-12-31,fluxnet2015,Aw,2009,2007,Aw,414.532012939453,Grasslands,data-raw/flux_data/
AU-Cpr,-34.0021,140.5891,NA,2010-01-01,2014-12-31,fluxnet2015,BWk ,2014,2010,BWk ,350.372985839844,Open Shrublands,data-raw/flux_data/
AU-Cum,-33.6152,150.7236,NA,2012-01-01,2014-12-31,fluxnet2015,Cfa,2014,2012,Cfa,396.75,Evergreen Broadleaf Forest,data-raw/flux_data/
AU-DaP,-14.0633,131.3181,NA,2007-01-01,2013-12-31,fluxnet2015,Aw,2013,2007,Aw,377.696990966797,Grasslands,data-raw/flux_data/
AU-DaS,-14.1593,131.3881,NA,2008-01-01,2014-12-31,fluxnet2015,Aw,2014,2008,Aw,377.696990966797,Grasslands,data-raw/flux_data/
AU-Dry,-15.2588,132.3706,NA,2008-01-01,2014-12-31,fluxnet2015,Aw,2014,2008,Aw,377.696990966797,Grasslands,data-raw/flux_data/
AU-Emr,-23.8587,148.4746,NA,2011-01-01,2013-12-31,fluxnet2015,Bsh,2013,2011,Bsh,410.239990234375,Grasslands,data-raw/flux_data/
AU-Fog,-12.5452,131.3072,NA,2006-01-01,2008-12-31,fluxnet2015,Aw,2008,2006,Aw,419.809997558594,Grasslands,data-raw/flux_data/
AU-GWW,-30.1913,120.6541,NA,2013-01-01,2014-12-31,fluxnet2015,BWh ,2014,2013,BWh ,382.391998291016,Savannas,data-raw/flux_data/
AU-Gin,-31.3764,115.7138,NA,2011-01-01,2014-12-31,fluxnet2015,Csa ,2014,2011,Csa ,317.985992431641,Savannas,data-raw/flux_data/
AU-How,-12.4943,131.1523,NA,2001-01-01,2014-12-31,fluxnet2015,Aw,2014,2001,Aw,424.505004882812,Savannas,data-raw/flux_data/
AU-Lox,-34.4704,140.6551,NA,2008-01-01,2009-12-31,fluxnet2015,BWk ,2009,2008,BWk ,350.372985839844,Grasslands,data-raw/flux_data/
AU-RDF,-14.5636,132.4776,NA,2011-01-01,2013-12-31,fluxnet2015,Aw,2013,2011,Aw,374.071990966797,Grasslands,data-raw/flux_data/
AU-Rig,-36.6499,145.5759,NA,2011-01-01,2014-12-31,fluxnet2015,Cfa,2014,2011,Cfa,386.601013183594,Grasslands,data-raw/flux_data/
AU-Rob,-17.1175,145.6301,NA,2014-01-01,2014-12-31,fluxnet2015,Cwa,2014,2014,Cwa,437.785003662109,Evergreen Broadleaf Forest,data-raw/flux_data/
AU-Stp,-17.1507,133.3502,NA,2008-01-01,2014-12-31,fluxnet2015,Bsh,2014,2008,Bsh,410.239990234375,Grasslands,data-raw/flux_data/
AU-TTE,-22.287,133.64,NA,2012-01-01,2014-12-31,fluxnet2015,BWh ,2014,2012,BWh ,360.121002197266,Open Shrublands,data-raw/flux_data/
AU-Tum,-35.6566,148.1517,1200,2001-01-01,2014-12-31,fluxnet2015,Cfb,2014,2001,Cfb,445.864990234375,Evergreen Needleleaf Forest,data-raw/flux_data/
AU-Wac,-37.4259,145.1878,NA,2005-01-01,2008-12-31,fluxnet2015,Cfb,2008,2005,Cfb,431.789001464844,Evergreen Broadleaf Forest,data-raw/flux_data/
AU-Whr,-36.6732,145.0294,NA,2011-01-01,2014-12-31,fluxnet2015,Bsk,2014,2011,Bsk,400.040985107422,Woody Savannas,data-raw/flux_data/
AU-Wom,-37.4222,144.0944,705,2010-01-01,2014-12-31,fluxnet2015,Cfb,2014,2010,Cfb,396.75,Evergreen Broadleaf Forest,data-raw/flux_data/
AU-Ync,-34.9893,146.2907,NA,2012-01-01,2014-12-31,fluxnet2015,Bsk,2014,2012,Bsk,390.338989257812,Grasslands,data-raw/flux_data/
BR-Sa1,-2.8567,-54.9589,88,2002-01-01,2011-12-31,fluxnet2015,Am,2011,2002,Am,452.971008300781,Evergreen Broadleaf Forest,data-raw/flux_data/
BR-Sa3,-3.018,-54.9714,100,2000-01-01,2004-12-31,fluxnet2015,Am,2004,2000,Am,452.971008300781,Evergreen Broadleaf Forest,data-raw/flux_data/
CA-Gro,48.2167,-82.1556,340,2003-01-01,2014-12-31,fluxnet2015,Dfb,2014,2003,Dfb,330.109008789062,Mixed Forest,data-raw/flux_data/
CA-Man,55.8796,-98.4808,259,1994-01-01,2008-12-31,fluxnet2015,Dfc,2008,1994,Dfc,192.380004882812,Woody Savannas,data-raw/flux_data/
CA-NS1,55.8792,-98.4839,260,2001-01-01,2005-12-31,fluxnet2015,Dfc,2005,2001,Dfc,192.380004882812,Evergreen Needleleaf Forest,data-raw/flux_data/
CA-NS2,55.9058,-98.5247,260,2001-01-01,2005-12-31,fluxnet2015,Dfc,2005,2001,Dfc,192.380004882812,Evergreen Needleleaf Forest,data-raw/flux_data/
CA-NS3,55.9117,-98.3822,260,2001-01-01,2005-12-31,fluxnet2015,Dfc,2005,2001,Dfc,192.380004882812,Woody Savannas,data-raw/flux_data/
CA-NS4,55.9144,-98.3806,260,2002-01-01,2005-12-31,fluxnet2015,Dfc,2005,2002,Dfc,192.380004882812,Woody Savannas,data-raw/flux_data/
CA-NS5,55.8631,-98.485,260,2001-01-01,2005-12-31,fluxnet2015,Dfc,2005,2001,Dfc,192.380004882812,Woody Savannas,data-raw/flux_data/
CA-NS6,55.9167,-98.9644,244,2001-01-01,2005-12-31,fluxnet2015,Dfc,2005,2001,Dfc,192.380004882812,Woody Savannas,data-raw/flux_data/
CA-NS7,56.6358,-99.9483,297,2002-01-01,2005-12-31,fluxnet2015,Dfc,2005,2002,Dfc,192.380004882812,Woody Savannas,data-raw/flux_data/
CA-Oas,53.6289,-106.1978,530,1996-01-01,2010-12-31,fluxnet2015,Dfc,2010,1996,Dfc,294.265014648438,Deciduous Broadleaf Forest,data-raw/flux_data/
CA-Obs,53.9872,-105.1178,628.94,1997-01-01,2010-12-31,fluxnet2015,Dfc,2010,1997,Dfc,304.082000732422,Evergreen Needleleaf Forest,data-raw/flux_data/
CA-Qfo,49.6925,-74.3421,382,2003-01-01,2010-12-31,fluxnet2015,Dfc,2010,2003,Dfc,199.822998046875,Woody Savannas,data-raw/flux_data/
CA-SF1,54.485,-105.8176,536,2003-01-01,2006-12-31,fluxnet2015,Dfc,2006,2003,Dfc,104.13500213623,Woody Savannas,data-raw/flux_data/
CA-SF3,54.0916,-106.0053,540,2001-01-01,2006-12-31,fluxnet2015,Dfc,2006,2001,Dfc,294.265014648438,Evergreen Needleleaf Forest,data-raw/flux_data/
CA-TP1,42.6609,-80.5595,265,2002-01-01,2014-12-31,fluxnet2015,Dfb,2014,2002,Dfb,393.989013671875,Croplands,data-raw/flux_data/
CA-TP2,42.7744,-80.4588,212,2002-01-01,2007-12-31,fluxnet2015,Dfb,2007,2002,Dfb,393.989013671875,Grasslands,data-raw/flux_data/
CA-TP3,42.7068,-80.3483,184,2002-01-01,2014-12-31,fluxnet2015,Dfb,2014,2002,Dfb,393.989013671875,Mixed Forest,data-raw/flux_data/
CA-TPD,42.6353,-80.5577,260,2012-01-01,2014-12-31,fluxnet2015,Dfb,2014,2012,Dfb,393.989013671875,Deciduous Broadleaf Forest,data-raw/flux_data/
CG-Tch,-4.2892,11.6564,82,2006-01-01,2009-12-31,fluxnet2015,Aw,2009,2006,Aw,392.294006347656,Savannas,data-raw/flux_data/
CH-Cha,47.2102,8.4104,393,2005-01-01,2014-12-31,fluxnet2015,Dfb,2014,2005,Dfb,398.192993164062,Savannas,data-raw/flux_data/
CH-Fru,47.1158,8.5378,982,2005-01-01,2014-12-31,fluxnet2015,Dfb,2014,2005,Dfb,408.615997314453,Grasslands,data-raw/flux_data/
CH-Lae,47.4783,8.3644,689,2004-01-01,2014-12-31,fluxnet2015,Dfb,2014,2004,Dfb,398.192993164062,Deciduous Broadleaf Forest,data-raw/flux_data/
CH-Oe1,47.2858,7.7319,450,2002-01-01,2008-12-31,fluxnet2015,Dfb,2008,2002,Dfb,398.192993164062,Cropland/Natural Vegetation Mosaic,data-raw/flux_data/
CH-Oe2,47.2864,7.7337,452,2004-01-01,2014-12-31,fluxnet2015,Dfb,2014,2004,Dfb,398.192993164062,Croplands,data-raw/flux_data/
CN-Cha,42.4025,128.0958,NA,2003-01-01,2005-12-31,fluxnet2015,Dwb,2005,2003,Dwb,415.048004150391,Deciduous Broadleaf Forest,data-raw/flux_data/
CN-Cng,44.5934,123.5092,NA,2007-01-01,2010-12-31,fluxnet2015,Dwa,2010,2007,Dwa,483.428009033203,Grasslands,data-raw/flux_data/
CN-Dan,30.4978,91.0664,NA,2004-01-01,2005-12-31,fluxnet2015,Bsk,2005,2004,Bsk,288.196990966797,Grasslands,data-raw/flux_data/
CN-Din,23.1733,112.5361,NA,2003-01-01,2005-12-31,fluxnet2015,Cwa,2005,2003,Cwa,445.106994628906,Evergreen Broadleaf Forest,data-raw/flux_data/
CN-Du2,42.0467,116.2836,NA,2006-01-01,2008-12-31,fluxnet2015,Dwb,2008,2006,Dwb,372.339996337891,Grasslands,data-raw/flux_data/
CN-Du3,42.0551,116.2809,NA,2009-01-01,2010-12-31,fluxnet2015,Dwb,2010,2009,Dwb,372.339996337891,Grasslands,data-raw/flux_data/
CN-Ha2,37.6086,101.3269,NA,2003-01-01,2005-12-31,fluxnet2015,Dwc,2005,2003,Dwc,287.923004150391,Grasslands,data-raw/flux_data/
CN-HaM,37.37,101.18,NA,2002-01-01,2004-12-31,fluxnet2015,ET,2004,2002,ET,287.923004150391,Grasslands,data-raw/flux_data/
CN-Qia,26.7414,115.0581,NA,2003-01-01,2005-12-31,fluxnet2015,Cfa,2005,2003,Cfa,420.214996337891,Evergreen Broadleaf Forest,data-raw/flux_data/
CN-Sw2,41.7902,111.8971,NA,2010-01-01,2012-12-31,fluxnet2015,Bsk,2012,2010,Bsk,289.220001220703,Grasslands,data-raw/flux_data/
CZ-BK2,49.4944,18.5429,855,2004-01-01,2012-12-31,fluxnet2015,Dfb,2012,2004,Dfb,401.579010009766,Mixed Forest,data-raw/flux_data/
CZ-wet,49.0247,14.7704,426,2006-01-01,2014-12-31,fluxnet2015,Dfb,2014,2006,Dfb,374.757995605469,Savannas,data-raw/flux_data/
DE-Akm,53.8662,13.6834,-1,2009-01-01,2014-12-31,fluxnet2015,Dfb,2014,2009,Dfb,379.950012207031,Urban and Built-Up,data-raw/flux_data/
DE-Lkb,49.0996,13.3047,1308,2009-01-01,2013-12-31,fluxnet2015,Dfc,2013,2009,Dfc,408.75,Savannas,data-raw/flux_data/
DE-Lnf,51.3282,10.3678,451,2002-01-01,2012-12-31,fluxnet2015,Dfb,2012,2002,Dfb,358.447998046875,Deciduous Broadleaf Forest,data-raw/flux_data/
DE-Obe,50.7867,13.7213,734,2008-01-01,2014-12-31,fluxnet2015,Dfb,2014,2008,Dfb,408.75,Evergreen Needleleaf Forest,data-raw/flux_data/
DE-Seh,50.8706,6.4497,103,2007-01-01,2010-12-31,fluxnet2015,Cfb,2010,2007,Cfb,365.467010498047,Croplands,data-raw/flux_data/
DE-SfN,47.8064,11.3275,590,2012-01-01,2014-12-31,fluxnet2015,Dfb,2014,2012,Dfb,385.954010009766,Woody Savannas,data-raw/flux_data/
DE-Spw,51.8922,14.0337,61,2010-01-01,2014-12-31,fluxnet2015,Dfb,2014,2010,Dfb,575.070983886719,Deciduous Broadleaf Forest,data-raw/flux_data/
DE-Zrk,53.8759,12.889,0,2013-01-01,2014-12-31,fluxnet2015,Dfb,2014,2013,Dfb,379.950012207031,Grasslands,data-raw/flux_data/
DK-Eng,55.6905,12.1918,10,2005-01-01,2008-12-31,fluxnet2015,Dfb,2008,2005,Dfb,407.652008056641,Croplands,data-raw/flux_data/
DK-Fou,56.4842,9.5872,51,2005-01-01,2005-12-31,fluxnet2015,Dfb,2005,2005,Dfb,295.938995361328,Cropland/Natural Vegetation Mosaic,data-raw/flux_data/
DK-Sor,55.4859,11.6446,40,1996-01-01,2014-12-31,fluxnet2015,Dfb,2014,1996,Dfb,356.859985351562,Savannas,data-raw/flux_data/
ES-Amo,36.8336,-2.2523,58,2007-01-01,2012-12-31,fluxnet2015,BWk ,2012,2007,BWk ,393.463989257812,Grasslands,data-raw/flux_data/
ES-LJu,36.9266,-2.7521,1600,2004-01-01,2013-12-31,fluxnet2015,Csa ,2013,2004,Csa ,393.463989257812,Open Shrublands,data-raw/flux_data/
ES-LgS,37.0979,-2.9658,2267,2007-01-01,2009-12-31,fluxnet2015,Dsb,2009,2007,Dsb,423.657012939453,Savannas,data-raw/flux_data/
ES-Ln2,36.9695,-3.4758,2249,2009-01-01,2009-12-31,fluxnet2015,Dsb,2009,2009,Dsb,384.098999023438,Savannas,data-raw/flux_data/
FI-Jok,60.8986,23.5134,109,2000-01-01,2003-12-31,fluxnet2015,Dfc,2003,2000,Dfc,430.661010742188,Savannas,data-raw/flux_data/
FI-Let,60.6418,23.9595,111,2009-01-01,2012-12-31,fluxnet2015,Dfc,2012,2009,Dfc,384.242004394531,Evergreen Needleleaf Forest,data-raw/flux_data/
FI-Lom,67.9972,24.2092,274,2007-01-01,2009-12-31,fluxnet2015,Dfc,2009,2007,Dfc,221.938003540039,Woody Savannas,data-raw/flux_data/
FI-Sod,67.3624,26.6386,180,2001-01-01,2014-12-31,fluxnet2015,Dfc,2014,2001,Dfc,221.938003540039,Savannas,data-raw/flux_data/
FR-LBr,44.7171,-0.7693,61,1996-01-01,2008-12-31,fluxnet2015,Cfb,2008,1996,Cfb,315.579010009766,Woody Savannas,data-raw/flux_data/
FR-Pue,43.7413,3.5957,270,2000-01-01,2014-12-31,fluxnet2015,Csa ,2014,2000,Csa ,432.375,Evergreen Needleleaf Forest,data-raw/flux_data/
GH-Ank,5.2685,-2.6942,124,2011-01-01,2014-12-31,fluxnet2015,Am,2014,2011,Am,462.634002685547,Evergreen Broadleaf Forest,data-raw/flux_data/
GL-NuF,64.1308,-51.3861,50,2008-01-01,2014-12-31,fluxnet2015,ET,2014,2008,ET,409.380004882812,Grasslands,data-raw/flux_data/
GL-ZaF,74.4814,-20.5545,38,2008-01-01,2011-12-31,fluxnet2015,ET,2011,2008,ET,409.380004882812,Grasslands,data-raw/flux_data/
GL-ZaH,74.4733,-20.5503,38,2000-01-01,2014-12-31,fluxnet2015,ET,2014,2000,ET,409.380004882812,Grasslands,data-raw/flux_data/
IT-BCi,40.5237,14.9574,20,2004-01-01,2014-12-31,fluxnet2015,Csa ,2014,2004,Csa ,361.683013916016,Croplands,data-raw/flux_data/
IT-CA1,42.3804,12.0266,200,2011-01-01,2014-12-31,fluxnet2015,Csa ,2014,2011,Csa ,461.049011230469,Croplands,data-raw/flux_data/
IT-CA2,42.3772,12.026,200,2011-01-01,2014-12-31,fluxnet2015,Csa ,2014,2011,Csa ,461.049011230469,Croplands,data-raw/flux_data/
IT-CA3,42.38,12.0222,197,2011-01-01,2014-12-31,fluxnet2015,Csa ,2014,2011,Csa ,461.049011230469,Savannas,data-raw/flux_data/
IT-Col,41.8494,13.5881,1560,1996-01-01,2014-12-31,fluxnet2015,Dfb,2014,1996,Dfb,383.938995361328,Deciduous Broadleaf Forest,data-raw/flux_data/
IT-Cpz,41.7052,12.3761,68,1997-01-01,2009-12-31,fluxnet2015,Csa ,2009,1997,Csa ,380.264007568359,Evergreen Broadleaf Forest,data-raw/flux_data/
IT-Isp,45.8126,8.6336,210,2013-01-01,2014-12-31,fluxnet2015,Cfa,2014,2013,Cfa,376.768005371094,Woody Savannas,data-raw/flux_data/
IT-La2,45.9542,11.2853,1350,2000-01-01,2002-12-31,fluxnet2015,Dfb,2002,2000,Dfb,339.420013427734,Mixed Forest,data-raw/flux_data/
IT-Lav,45.9562,11.2813,1353,2003-01-01,2014-12-31,fluxnet2015,Dfb,2014,2003,Dfb,339.420013427734,Evergreen Needleleaf Forest,data-raw/flux_data/
IT-Noe,40.6062,8.1517,25,2004-01-01,2014-12-31,fluxnet2015,Csa ,2014,2004,Csa ,NA,Evergreen Needleleaf Forest,data-raw/flux_data/
IT-PT1,45.2009,9.061,60,2002-01-01,2004-12-31,fluxnet2015,Cfa,2004,2002,Cfa,376.768005371094,Croplands,data-raw/flux_data/
IT-Ro1,42.4081,11.93,235,2000-01-01,2008-12-31,fluxnet2015,Csa ,2008,2000,Csa ,461.049011230469,Savannas,data-raw/flux_data/
IT-Ro2,42.3903,11.9209,160,2002-01-01,2012-12-31,fluxnet2015,Csa ,2012,2002,Csa ,461.049011230469,Savannas,data-raw/flux_data/
IT-SRo,43.7279,10.2844,6,1999-01-01,2012-12-31,fluxnet2015,Csa ,2012,1999,Csa ,387.377014160156,Evergreen Needleleaf Forest,data-raw/flux_data/
JP-MBF,44.3869,142.3186,NA,2003-01-01,2005-12-31,fluxnet2015,Dfb,2005,2003,Dfb,444.471984863281,Woody Savannas,data-raw/flux_data/
JP-SMF,35.2617,137.0788,NA,2002-01-01,2006-12-31,fluxnet2015,Cfa,2006,2002,Cfa,436.118011474609,Mixed Forest,data-raw/flux_data/
MY-PSO,2.973,102.3062,NA,2003-01-01,2009-12-31,fluxnet2015,Af,2009,2003,Af,426.265991210938,Evergreen Broadleaf Forest,data-raw/flux_data/
NL-Hor,52.2403,5.0713,2.2,2004-01-01,2011-12-31,fluxnet2015,Cfb,2011,2004,Cfb,640.913024902344,Grasslands,data-raw/flux_data/
NL-Loo,52.1666,5.7436,25,1996-01-01,2014-12-31,fluxnet2015,Cfb,2014,1996,Cfb,425.602996826172,Evergreen Needleleaf Forest,data-raw/flux_data/
PA-SPn,9.3181,-79.6346,78,2007-01-01,2009-12-31,fluxnet2015,Am,2009,2007,Am,426.696990966797,Savannas,data-raw/flux_data/
PA-SPs,9.3138,-79.6314,68,2007-01-01,2009-12-31,fluxnet2015,Am,2009,2007,Am,426.696990966797,Savannas,data-raw/flux_data/
RU-Che,68.613,161.3414,6,2002-01-01,2005-12-31,fluxnet2015,Dsc,2005,2002,Dsc,479.049987792969,Open Shrublands,data-raw/flux_data/
RU-Cok,70.8291,147.4943,48,2003-01-01,2014-12-31,fluxnet2015,ET,2014,2003,ET,372.691009521484,Open Shrublands,data-raw/flux_data/
RU-Fyo,56.4615,32.9221,265,1998-01-01,2014-12-31,fluxnet2015,Dfb,2014,1998,Dfb,390.746002197266,Mixed Forest,data-raw/flux_data/
RU-Ha1,54.7252,90.0022,446,2002-01-01,2004-12-31,fluxnet2015,Dwc,2004,2002,Dwc,438.930999755859,Grasslands,data-raw/flux_data/
SD-Dem,13.2829,30.4783,500,2005-01-01,2009-12-31,fluxnet2015,BWh ,2009,2005,BWh ,356.736999511719,Grasslands,data-raw/flux_data/
SJ-Adv,78.186,15.923,17,2011-01-01,2014-12-31,fluxnet2015,ET,2014,2011,ET,NA,Grasslands,data-raw/flux_data/
SJ-Blv,78.9216,11.8311,25,2008-01-01,2009-12-31,fluxnet2015,ET,2009,2008,ET,NA,Grasslands,data-raw/flux_data/
SN-Dhr,15.4028,-15.4322,40,2010-01-01,2013-12-31,fluxnet2015,Bsh,2013,2010,Bsh,343.338989257812,Grasslands,data-raw/flux_data/
US-ARb,35.5497,-98.0402,424,2005-01-01,2006-12-31,fluxnet2015,Cfa,2006,2005,Cfa,479.739990234375,Croplands,data-raw/flux_data/
US-ARc,35.5465,-98.04,424,2005-01-01,2006-12-31,fluxnet2015,Cfa,2006,2005,Cfa,479.739990234375,Croplands,data-raw/flux_data/
US-Atq,70.4696,-157.4089,15,2003-01-01,2008-12-31,fluxnet2015,ET,2008,2003,ET,356.910003662109,Grasslands,data-raw/flux_data/
US-Blo,38.8953,-120.6328,1315,1997-01-01,2007-12-31,fluxnet2015,Csb ,2007,1997,Csb ,421.178009033203,Evergreen Needleleaf Forest,data-raw/flux_data/
US-Cop,38.09,-109.39,1520,2001-01-01,2007-12-31,fluxnet2015,Bsk,2007,2001,Bsk,384.161987304688,Grasslands,data-raw/flux_data/
US-GBT,41.3658,-106.2397,3191,1999-01-01,2006-12-31,fluxnet2015,Dfc,2006,1999,Dfc,396.127990722656,Grasslands,data-raw/flux_data/
US-GLE,41.3665,-106.2399,3197,2004-01-01,2014-12-31,fluxnet2015,Dfc,2014,2004,Dfc,396.127990722656,Grasslands,data-raw/flux_data/
US-Goo,34.2547,-89.8735,87,2002-01-01,2006-12-31,fluxnet2015,Cfa,2006,2002,Cfa,367.355987548828,Woody Savannas,data-raw/flux_data/
US-Ha1,42.5378,-72.1715,340,1991-01-01,2012-12-31,fluxnet2015,Dfb,2012,1991,Dfb,284.342010498047,Mixed Forest,data-raw/flux_data/
US-IB2,41.8406,-88.241,226.5,2004-01-01,2011-12-31,fluxnet2015,Dfa,2011,2004,Dfa,415.476989746094,Grasslands,data-raw/flux_data/
US-Ivo,68.4865,-155.7503,568,2004-01-01,2007-12-31,fluxnet2015,Dsc,2007,2004,Dsc,454.872985839844,Open Shrublands,data-raw/flux_data/
US-KS1,28.4583,-80.6709,1,2002-01-01,2002-12-31,fluxnet2015,Cfa,2002,2002,Cfa,475.493988037109,Savannas,data-raw/flux_data/
US-KS2,28.6086,-80.6715,3,2003-01-01,2006-12-31,fluxnet2015,Cfa,2006,2003,Cfa,475.493988037109,Savannas,data-raw/flux_data/
US-LWW,34.9604,-97.9789,365,1997-01-01,1998-12-31,fluxnet2015,Cfa,1998,1997,Cfa,479.739990234375,Grasslands,data-raw/flux_data/
US-Lin,36.3566,-119.0922,131,2009-01-01,2010-12-31,fluxnet2015,Csa ,2010,2009,Csa ,407.566009521484,Croplands,data-raw/flux_data/
US-Los,46.0827,-89.9792,480,2000-01-01,2014-12-31,fluxnet2015,Dfb,2014,2000,Dfb,302.227996826172,Woody Savannas,data-raw/flux_data/
US-MMS,39.3232,-86.4131,275,1999-01-01,2014-12-31,fluxnet2015,Dfa,2014,1999,Dfa,407.819000244141,Deciduous Broadleaf Forest,data-raw/flux_data/
US-Me1,44.5794,-121.5,896,2004-01-01,2005-12-31,fluxnet2015,Dsb,2005,2004,Dsb,381.675994873047,Woody Savannas,data-raw/flux_data/
US-Me3,44.3154,-121.6078,1005,2004-01-01,2009-12-31,fluxnet2015,Dsb,2009,2004,Dsb,381.675994873047,Woody Savannas,data-raw/flux_data/
US-Me4,44.4992,-121.6224,922,1996-01-01,2000-12-31,fluxnet2015,Dsb,2000,1996,Dsb,381.675994873047,Woody Savannas,data-raw/flux_data/
US-Me5,44.4372,-121.5668,1188,2000-01-01,2002-12-31,fluxnet2015,Dsb,2002,2000,Dsb,381.675994873047,Evergreen Needleleaf Forest,data-raw/flux_data/
US-Me6,44.3233,-121.6078,998,2010-01-01,2014-12-31,fluxnet2015,Dsb,2014,2010,Dsb,381.675994873047,Woody Savannas,data-raw/flux_data/
US-Myb,38.0499,-121.765,-4,2010-01-01,2014-12-31,fluxnet2015,Csa ,2014,2010,Csa ,398.067993164062,Grasslands,data-raw/flux_data/
US-NR1,40.0329,-105.5464,3050,1998-01-01,2014-12-31,fluxnet2015,Dfc,2014,1998,Dfc,396.127990722656,Woody Savannas,data-raw/flux_data/
US-Ne1,41.1651,-96.4766,361,2001-01-01,2013-12-31,fluxnet2015,Dfa,2013,2001,Dfa,409.950012207031,Croplands,data-raw/flux_data/
US-Ne2,41.1649,-96.4701,362,2001-01-01,2013-12-31,fluxnet2015,Dfa,2013,2001,Dfa,409.950012207031,Croplands,data-raw/flux_data/
US-Ne3,41.1797,-96.4397,363,2001-01-01,2013-12-31,fluxnet2015,Dfa,2013,2001,Dfa,409.950012207031,Croplands,data-raw/flux_data/
US-ORv,40.0201,-83.0183,221,2011-01-01,2011-12-31,fluxnet2015,Dfa,2011,2011,Dfa,374.343994140625,Urban and Built-Up,data-raw/flux_data/
US-PFa,45.9459,-90.2723,470,1995-01-01,2014-12-31,fluxnet2015,Dfb,2014,1995,Dfb,302.227996826172,Woody Savannas,data-raw/flux_data/
US-SRC,31.9083,-110.8395,950,2008-01-01,2014-12-31,fluxnet2015,Bsh,2014,2008,Bsh,407.540008544922,Open Shrublands,data-raw/flux_data/
US-SRM,31.8214,-110.8661,1120,2004-01-01,2014-12-31,fluxnet2015,Bsh,2014,2004,Bsh,369.858001708984,Grasslands,data-raw/flux_data/
US-Sta,41.3966,-106.8024,2069,2005-01-01,2009-12-31,fluxnet2015,Bsk,2009,2005,Bsk,422.430999755859,Grasslands,data-raw/flux_data/
US-Syv,46.242,-89.3477,540,2001-01-01,2014-12-31,fluxnet2015,Dfb,2014,2001,Dfb,302.227996826172,Mixed Forest,data-raw/flux_data/
US-Ton,38.4309,-120.966,177,2001-01-01,2014-12-31,fluxnet2015,Csa ,2014,2001,Csa ,401.626007080078,Savannas,data-raw/flux_data/
US-Tw3,38.1152,-121.6469,-4,2013-01-01,2014-12-31,fluxnet2015,Csa ,2014,2013,Csa ,398.067993164062,Croplands,data-raw/flux_data/
US-Twt,38.1087,-121.6531,-7,2009-01-01,2014-12-31,fluxnet2015,Csa ,2014,2009,Csa ,398.067993164062,Croplands,data-raw/flux_data/
US-Var,38.4133,-120.9508,129,2000-01-01,2014-12-31,fluxnet2015,Csa ,2014,2000,Csa ,407.566009521484,Grasslands,data-raw/flux_data/
US-WCr,45.8059,-90.0799,520,1999-01-01,2014-12-31,fluxnet2015,Dfb,2014,1999,Dfb,302.227996826172,Deciduous Broadleaf Forest,data-raw/flux_data/
US-WPT,41.4646,-82.9962,175,2011-01-01,2013-12-31,fluxnet2015,Dfa,2013,2011,Dfa,0,Permanent Wetlands,data-raw/flux_data/
US-Whs,31.7438,-110.0522,1370,2007-01-01,2014-12-31,fluxnet2015,Bsk,2014,2007,Bsk,383.184997558594,Open Shrublands,data-raw/flux_data/
US-Wi0,46.6188,-91.0814,349,2002-01-01,2002-12-31,fluxnet2015,Dfb,2002,2002,Dfb,283.765014648438,Mixed Forest,data-raw/flux_data/
US-Wi1,46.7305,-91.2329,352,2003-01-01,2003-12-31,fluxnet2015,Dfb,2003,2003,Dfb,395.510009765625,Deciduous Broadleaf Forest,data-raw/flux_data/
US-Wi2,46.6869,-91.1528,395,2003-01-01,2003-12-31,fluxnet2015,Dfb,2003,2003,Dfb,395.510009765625,Mixed Forest,data-raw/flux_data/
US-Wi3,46.6347,-91.0987,411,2002-01-01,2004-12-31,fluxnet2015,Dfb,2004,2002,Dfb,283.765014648438,Deciduous Broadleaf Forest,data-raw/flux_data/
US-Wi4,46.7393,-91.1663,352,2002-01-01,2005-12-31,fluxnet2015,Dfb,2005,2002,Dfb,395.510009765625,Mixed Forest,data-raw/flux_data/
US-Wi5,46.6531,-91.0858,353,2004-01-01,2004-12-31,fluxnet2015,Dfb,2004,2004,Dfb,283.765014648438,Deciduous Broadleaf Forest,data-raw/flux_data/
US-Wi6,46.6249,-91.2982,371,2002-01-01,2003-12-31,fluxnet2015,Dfb,2003,2002,Dfb,395.510009765625,Woody Savannas,data-raw/flux_data/
US-Wi7,46.6491,-91.0693,335,2005-01-01,2005-12-31,fluxnet2015,Dfb,2005,2005,Dfb,283.765014648438,Woody Savannas,data-raw/flux_data/
US-Wi8,46.7223,-91.2524,348,2002-01-01,2002-12-31,fluxnet2015,Dfb,2002,2002,Dfb,395.510009765625,Deciduous Broadleaf Forest,data-raw/flux_data/
US-Wi9,46.7385,-91.0746,350,2004-01-01,2005-12-31,fluxnet2015,Dfb,2005,2004,Dfb,283.765014648438,Mixed Forest,data-raw/flux_data/
US-Wkg,31.7365,-109.9419,1531,2004-01-01,2014-12-31,fluxnet2015,Bsk,2014,2004,Bsk,383.184997558594,Grasslands,data-raw/flux_data/
ZM-Mon,-15.4391,23.2525,1053,2000-01-01,2009-12-31,fluxnet2015,Cwa,2009,2000,Cwa,290.826995849609,Grasslands,data-raw/flux_data/
AU-Cow,-16.2381896972656,145.427154541016,86,2010-01-01,2015-12-31,plumber,Am,2015,2010,Am,NA,Evergreen Broadleaf Forest,data-raw/flux_data/
AU-Ctr,-16.1032791137695,145.446853637695,66,2010-01-01,2017-12-31,plumber,Af,2017,2010,Af,NA,Evergreen Broadleaf Forest,data-raw/flux_data/
AU-Lit,-13.1790399551392,130.794494628906,200,2016-01-01,2017-12-31,plumber,Aw,2017,2016,Aw,368.359985351562,Savannas,data-raw/flux_data/
AU-Otw,-38.532341003418,142.816802978516,54,2009-01-01,2010-12-31,plumber,Csb ,2010,2009,Csb ,392.052001953125,Grasslands,data-raw/flux_data/
AU-Sam,-27.3880996704102,152.877807617188,170,2011-01-01,2017-12-31,plumber,Cfa,2017,2011,Cfa,411.515991210938,Savannas,data-raw/flux_data/
AU-Wrr,-43.0950202941895,146.654495239258,100,2016-01-01,2017-12-31,plumber,Cfb,2017,2016,Cfb,377.342010498047,Evergreen Broadleaf Forest,data-raw/flux_data/
BW-Ma1,-19.9165000915527,23.5603294372559,929,2000-01-01,2000-12-31,plumber,Bsh,2000,2000,Bsh,386.946014404297,Grasslands,data-raw/flux_data/
CA-Qcu,49.2670783996582,-74.0365295410156,392,2002-01-01,2006-12-31,plumber,Dfc,2006,2002,Dfc,199.822998046875,Woody Savannas,data-raw/flux_data/
DE-Bay,50.1419410705566,11.8669395446777,781,1997-01-01,1999-12-31,plumber,Dfb,1999,1997,Dfb,429.131011962891,Mixed Forest,data-raw/flux_data/
DE-Meh,51.2753105163574,10.6554698944092,291,2004-01-01,2006-12-31,plumber,Dfb,2006,2004,Dfb,358.447998046875,Croplands,data-raw/flux_data/
DE-Wet,50.453498840332,11.4575300216675,703,2002-01-01,2006-12-31,plumber,Dfb,2006,2002,Dfb,401.579010009766,Evergreen Needleleaf Forest,data-raw/flux_data/
DK-Lva,55.6833000183105,12.0832996368408,-2493,2005-01-01,2006-12-31,plumber,Dfb,2006,2005,Dfb,NA,Grasslands,data-raw/flux_data/
DK-Ris,55.5302810668945,12.0972204208374,24,2004-01-01,2005-12-31,plumber,Dfb,2005,2004,Dfb,398.192993164062,Croplands,data-raw/flux_data/
DK-ZaH,74.4731979370117,-20.5503005981445,38,2000-01-01,2013-12-31,plumber,ET,2013,2000,ET,409.380004882812,Grasslands,data-raw/flux_data/
ES-ES1,39.3459701538086,-0.318809986114502,1,1999-01-01,2006-12-31,plumber,Bsk,2006,1999,Bsk,NA,Permanent Wetlands,data-raw/flux_data/
ES-ES2,39.2755584716797,-0.315279990434647,7,2005-01-01,2006-12-31,plumber,Bsk,2006,2005,Bsk,NA,Croplands,data-raw/flux_data/
ES-LMa,39.9426918029785,-5.77335977554321,278,2004-01-01,2006-12-31,plumber,Bsk,2006,2004,Bsk,448.171997070312,Savannas,data-raw/flux_data/
ES-VDA,42.1521797180176,1.4485000371933,1787,2004-01-01,2004-12-31,plumber,Dfb,2004,2004,Dfb,381.778015136719,Grasslands,data-raw/flux_data/
FI-Kaa,69.1406936645508,27.2950305938721,159,2000-01-01,2002-12-31,plumber,Dfc,2002,2000,Dfc,221.938003540039,Savannas,data-raw/flux_data/
FR-Lq1,45.6430587768555,2.73583006858826,1066,2004-01-01,2006-12-31,plumber,Dfb,2006,2004,Dfb,393.282989501953,Grasslands,data-raw/flux_data/
FR-Lq2,45.6391906738281,2.73703002929688,1081,2004-01-01,2006-12-31,plumber,Dfb,2006,2004,Dfb,393.282989501953,Savannas,data-raw/flux_data/
HU-Bug,46.6911010742188,19.6012992858887,106,2003-01-01,2006-12-31,plumber,Dfb,2006,2003,Dfb,411.403991699219,Grasslands,data-raw/flux_data/
ID-Pag,-2.3199999332428,113.900001525879,30,2002-01-01,2003-12-31,plumber,Af,2003,2002,Af,420.648986816406,Evergreen Broadleaf Forest,data-raw/flux_data/
IE-Ca1,52.8587913513184,-6.91813993453979,72,2004-01-01,2006-12-31,plumber,Cfb,2006,2004,Cfb,379.950012207031,Croplands,data-raw/flux_data/
IE-Dri,51.9866905212402,-8.75181007385254,186,2003-01-01,2005-12-31,plumber,Cfb,2005,2003,Cfb,340.785003662109,Grasslands,data-raw/flux_data/
IT-Amp,41.9040985107422,13.6051597595215,991,2003-01-01,2006-12-31,plumber,Csb ,2006,2003,Csb ,383.938995361328,Savannas,data-raw/flux_data/
IT-LMa,45.1525802612305,7.58259010314941,350,2003-01-01,2004-12-31,plumber,Cfa,2004,2003,Cfa,376.768005371094,Deciduous Broadleaf Forest,data-raw/flux_data/
IT-Mal,46.1140213012695,11.7033395767212,1610,2003-01-01,2003-12-31,plumber,Dfc,2003,2003,Dfc,339.420013427734,Mixed Forest,data-raw/flux_data/
IT-Non,44.6901893615723,11.0910902023315,14,2002-01-01,2002-12-31,plumber,Cfa,2002,2002,Cfa,387.377014160156,Croplands,data-raw/flux_data/
NL-Ca1,51.9710006713867,4.92700004577637,1,2003-01-01,2006-12-31,plumber,Cfb,2006,2003,Cfb,394.903015136719,Savannas,data-raw/flux_data/
PL-wet,52.7621994018555,16.3094005584717,55,2004-01-01,2005-12-31,plumber,Dfb,2005,2004,Dfb,336.661987304688,Woody Savannas,data-raw/flux_data/
PT-Esp,38.6394004821777,-8.60179996490479,90,2002-01-01,2004-12-31,plumber,Csa ,2004,2002,Csa ,332.582000732422,Mixed Forest,data-raw/flux_data/
PT-Mi1,38.540641784668,-8.00006008148193,230,2005-01-01,2005-12-31,plumber,Csa ,2005,2005,Csa ,390.513000488281,Savannas,data-raw/flux_data/
PT-Mi2,38.4765014648438,-8.02455043792725,193,2005-01-01,2006-12-31,plumber,Csa ,2006,2005,Csa ,390.513000488281,Croplands,data-raw/flux_data/
RU-Zot,60.8008003234863,89.3507995605469,124,2003-01-01,2003-12-31,plumber,Dfc,2003,2003,Dfc,313.024993896484,Evergreen Needleleaf Forest,data-raw/flux_data/
UK-Gri,56.6072196960449,-3.79805994033813,343,2000-01-01,2001-12-31,plumber,Cfb,2001,2000,Cfb,247.820007324219,Evergreen Needleleaf Forest,data-raw/flux_data/
UK-Ham,51.1535301208496,-0.858299970626831,76,2004-01-01,2004-12-31,plumber,Cfb,2004,2004,Cfb,336.661987304688,Woody Savannas,data-raw/flux_data/
UK-PL3,51.4500007629395,-1.2666699886322,104,2005-01-01,2006-12-31,plumber,Cfb,2006,2005,Cfb,392.595001220703,Mixed Forest,data-raw/flux_data/
US-Aud,31.5907001495361,-110.509201049805,1466,2003-01-01,2005-12-31,plumber,Bsk,2005,2003,Bsk,369.858001708984,Open Shrublands,data-raw/flux_data/
US-Bkg,44.3452911376953,-96.8361663818359,495,2005-01-01,2006-12-31,plumber,Dwa,2006,2005,Dwa,422.584014892578,Croplands,data-raw/flux_data/
US-Bo1,40.0061988830566,-88.290397644043,217,1997-01-01,2006-12-31,plumber,Dfa,2006,1997,Dfa,415.476989746094,Croplands,data-raw/flux_data/
US-FPe,48.3077011108398,-105.101898193359,638,2000-01-01,2006-12-31,plumber,Bsk,2006,2000,Bsk,422.584014892578,Grasslands,data-raw/flux_data/
US-MOz,38.7441101074219,-92.2000122070312,212,2005-01-01,2006-12-31,plumber,Dfa,2006,2005,Dfa,398.730010986328,Deciduous Broadleaf Forest,data-raw/flux_data/
US-SP1,29.7380695343018,-82.2187728881836,47,2005-01-01,2005-12-31,plumber,Cfa,2005,2005,Cfa,417.005004882812,Woody Savannas,data-raw/flux_data/
US-SP2,29.764799118042,-82.2448196411133,46,2000-01-01,2004-12-31,plumber,Cfa,2004,2000,Cfa,417.005004882812,Evergreen Broadleaf Forest,data-raw/flux_data/
US-SP3,29.7547702789307,-82.1632766723633,36,1999-01-01,2004-12-31,plumber,Cfa,2004,1999,Cfa,417.005004882812,Evergreen Broadleaf Forest,data-raw/flux_data/
ZA-Kru,-25.0196990966797,31.4969005584717,359,2000-01-01,2002-12-31,plumber,Bsh,2002,2000,Bsh,406.096008300781,Grasslands,data-raw/flux_data/
